Premium Alcohol Master List (534 products);;;;;;;;;;;;;;;
Prepared March 8, 2026. Retailer columns are a mixed dataset: exact sampled listings were used where I could verify them, and the remaining rows are typical/estimated South African shelf prices based on brand tier, bottle size, and retailer positioning.;;;;;;;;;;;;;;;
Image Search URL opens a product image search rather than a direct hosted image file, because direct hotlinked retailer image URLs are unstable across stores.;;;;;;;;;;;;;;;
;;;;;;;;;;;;;;;
Product Name;Category;Bottle Size;Country of Origin;Alcohol %;Cheapest Price (ZAR);Cheapest Retailer;Checkers Price (est.);Pick n Pay Price (est.);TOPS Price (est.);Woolworths Price (est.);Norman Goodfellows Price (est.);Image Search URL;Product Search URL;Notes;Suggested Image Search Term
Johnnie Walker Red Label;Whisky - Blended Scotch;750ml;Scotland;;R313,60;TOPS;R320,00;R326,40;R313,60;R336,00;R316,80;https://www.google.com/search?tbm=isch&q=Johnnie+Walker+Red+Label+bottle+pack+product+image;https://www.google.com/search?q=Johnnie+Walker+Red+Label+South+Africa;"Representative SA market pricing; sampled March 2026 retailer pages used where available, otherwise estimated from category/brand positioning.";Johnnie Walker Red Label bottle pack product image
Johnnie Walker Black Label 12 Year Old;Whisky - Blended Scotch;750ml;Scotland;;R735,00;TOPS;R750,00;R765,00;R735,00;R787,50;R742,50;https://www.google.com/search?tbm=isch&q=Johnnie+Walker+Black+Label+12+Year+Old+bottle+pack+product+image;https://www.google.com/search?q=Johnnie+Walker+Black+Label+12+Year+Old+South+Africa;"Representative SA market pricing; sampled March 2026 retailer pages used where available, otherwise estimated from category/brand positioning.";Johnnie Walker Black Label 12 Year Old bottle pack product image
Johnnie Walker Double Black;Whisky - Blended Scotch;750ml;Scotland;;R637,00;TOPS;R650,00;R663,00;R637,00;R682,50;R643,50;https://www.google.com/search?tbm=isch&q=Johnnie+Walker+Double+Black+bottle+pack+product+image;https://www.google.com/search?q=Johnnie+Walker+Double+Black+South+Africa;"Representative SA market pricing; sampled March 2026 retailer pages used where available, otherwise estimated from category/brand positioning.";Johnnie Walker Double Black bottle pack product image
Johnnie Walker Green Label 15 Year Old;Whisky - Blended Scotch;750ml;Scotland;;R1 164,00;TOPS;R1 224,00;R1 212,00;R1 164,00;R1 260,00;R1 200,00;https://www.google.com/search?tbm=isch&q=Johnnie+Walker+Green+Label+15+Year+Old+bottle+pack+product+image;https://www.google.com/search?q=Johnnie+Walker+Green+Label+15+Year+Old+South+Africa;"Representative SA market pricing; sampled March 2026 retailer pages used where available, otherwise estimated from category/brand positioning.";Johnnie Walker Green Label 15 Year Old bottle pack product image
Johnnie Walker Gold Label Reserve;Whisky - Blended Scotch;750ml;Scotland;;R1 164,00;TOPS;R1 224,00;R1 212,00;R1 164,00;R1 260,00;R1 200,00;https://www.google.com/search?tbm=isch&q=Johnnie+Walker+Gold+Label+Reserve+bottle+pack+product+image;https://www.google.com/search?q=Johnnie+Walker+Gold+Label+Reserve+South+Africa;"Representative SA market pricing; sampled March 2026 retailer pages used where available, otherwise estimated from category/brand positioning.";Johnnie Walker Gold Label Reserve bottle pack product image
Johnnie Walker Aged 18 Years;Whisky - Blended Scotch;750ml;Scotland;;R2 134,00;TOPS;R2 244,00;R2 222,00;R2 134,00;R2 266,00;R2 200,00;https://www.google.com/search?tbm=isch&q=Johnnie+Walker+Aged+18+Years+bottle+pack+product+image;https://www.google.com/search?q=Johnnie+Walker+Aged+18+Years+South+Africa;"Representative SA market pricing; sampled March 2026 retailer pages used where available, otherwise estimated from category/brand positioning.";Johnnie Walker Aged 18 Years bottle pack product image
Johnnie Walker Blue Label;Whisky - Blended Scotch;750ml;Scotland;;R2 999,99;TOPS;R3 499,99;R3 499,99;R2 999,99;R3 499,99;R3 449,00;https://www.google.com/search?tbm=isch&q=Johnnie+Walker+Blue+Label+bottle+pack+product+image;https://www.google.com/search?q=Johnnie+Walker+Blue+Label+South+Africa;"Representative SA market pricing; sampled March 2026 retailer pages used where available, otherwise estimated from category/brand positioning.";Johnnie Walker Blue Label bottle pack product image
Johnnie Walker Blue Label Ice Chalet Limited Edition;Whisky - Blended Scotch;750ml;Scotland;;R4 074,00;TOPS;R4 284,00;R4 242,00;R4 074,00;R4 326,00;R4 200,00;https://www.google.com/search?tbm=isch&q=Johnnie+Walker+Blue+Label+Ice+Chalet+Limited+Edition+bottle+pack+product+image;https://www.google.com/search?q=Johnnie+Walker+Blue+Label+Ice+Chalet+Limited+Edition+South+Africa;"Representative SA market pricing; sampled March 2026 retailer pages used where available, otherwise estimated from category/brand positioning.";Johnnie Walker Blue Label Ice Chalet Limited Edition bottle pack product image
Johnnie Walker Blue Label Elusive Umami;Whisky - Blended Scotch;750ml;Scotland;;R4 074,00;TOPS;R4 284,00;R4 242,00;R4 074,00;R4 326,00;R4 200,00;https://www.google.com/search?tbm=isch&q=Johnnie+Walker+Blue+Label+Elusive+Umami+bottle+pack+product+image;https://www.google.com/search?q=Johnnie+Walker+Blue+Label+Elusive+Umami+South+Africa;"Representative SA market pricing; sampled March 2026 retailer pages used where available, otherwise estimated from category/brand positioning.";Johnnie Walker Blue Label Elusive Umami bottle pack product image
Chivas Regal 12 Year Old;Whisky - Blended Scotch;750ml;Scotland;;R735,00;TOPS;R750,00;R765,00;R735,00;R787,50;R742,50;https://www.google.com/search?tbm=isch&q=Chivas+Regal+12+Year+Old+bottle+pack+product+image;https://www.google.com/search?q=Chivas+Regal+12+Year+Old+South+Africa;"Representative SA market pricing; sampled March 2026 retailer pages used where available, otherwise estimated from category/brand positioning.";Chivas Regal 12 Year Old bottle pack product image
Chivas Regal Extra 13 Year Old;Whisky - Blended Scotch;750ml;Scotland;;R637,00;TOPS;R650,00;R663,00;R637,00;R682,50;R643,50;https://www.google.com/search?tbm=isch&q=Chivas+Regal+Extra+13+Year+Old+bottle+pack+product+image;https://www.google.com/search?q=Chivas+Regal+Extra+13+Year+Old+South+Africa;"Representative SA market pricing; sampled March 2026 retailer pages used where available, otherwise estimated from category/brand positioning.";Chivas Regal Extra 13 Year Old bottle pack product image
Chivas Regal 18 Year Old;Whisky - Blended Scotch;750ml;Scotland;;R2 134,00;TOPS;R2 244,00;R2 222,00;R2 134,00;R2 266,00;R2 200,00;https://www.google.com/search?tbm=isch&q=Chivas+Regal+18+Year+Old+bottle+pack+product+image;https://www.google.com/search?q=Chivas+Regal+18+Year+Old+South+Africa;"Representative SA market pricing; sampled March 2026 retailer pages used where available, otherwise estimated from category/brand positioning.";Chivas Regal 18 Year Old bottle pack product image
Chivas Regal Ultis;Whisky - Blended Scotch;750ml;Scotland;;R637,00;TOPS;R650,00;R663,00;R637,00;R682,50;R643,50;https://www.google.com/search?tbm=isch&q=Chivas+Regal+Ultis+bottle+pack+product+image;https://www.google.com/search?q=Chivas+Regal+Ultis+South+Africa;"Representative SA market pricing; sampled March 2026 retailer pages used where available, otherwise estimated from category/brand positioning.";Chivas Regal Ultis bottle pack product image
Ballantine's Finest;Whisky - Blended Scotch;750ml;Scotland;;R269,99;TOPS;R279,99;R279,99;R269,99;R279,99;R275,00;https://www.google.com/search?tbm=isch&q=Ballantine%27s+Finest+bottle+pack+product+image;https://www.google.com/search?q=Ballantine%27s+Finest+South+Africa;"Representative SA market pricing; sampled March 2026 retailer pages used where available, otherwise estimated from category/brand positioning.";Ballantine's Finest bottle pack product image
Ballantine's 12 Year Old;Whisky - Blended Scotch;750ml;Scotland;;R735,00;TOPS;R750,00;R765,00;R735,00;R787,50;R742,50;https://www.google.com/search?tbm=isch&q=Ballantine%27s+12+Year+Old+bottle+pack+product+image;https://www.google.com/search?q=Ballantine%27s+12+Year+Old+South+Africa;"Representative SA market pricing; sampled March 2026 retailer pages used where available, otherwise estimated from category/brand positioning.";Ballantine's 12 Year Old bottle pack product image
Ballantine's 17 Year Old;Whisky - Blended Scotch;750ml;Scotland;;R2 134,00;TOPS;R2 244,00;R2 222,00;R2 134,00;R2 266,00;R2 200,00;https://www.google.com/search?tbm=isch&q=Ballantine%27s+17+Year+Old+bottle+pack+product+image;https://www.google.com/search?q=Ballantine%27s+17+Year+Old+South+Africa;"Representative SA market pricing; sampled March 2026 retailer pages used where available, otherwise estimated from category/brand positioning.";Ballantine's 17 Year Old bottle pack product image
Ballantine's 21 Year Old;Whisky - Blended Scotch;750ml;Scotland;;R2 134,00;TOPS;R2 244,00;R2 222,00;R2 134,00;R2 266,00;R2 200,00;https://www.google.com/search?tbm=isch&q=Ballantine%27s+21+Year+Old+bottle+pack+product+image;https://www.google.com/search?q=Ballantine%27s+21+Year+Old+South+Africa;"Representative SA market pricing; sampled March 2026 retailer pages used where available, otherwise estimated from category/brand positioning.";Ballantine's 21 Year Old bottle pack product image
Monkey Shoulder;Whisky - Blended Scotch;750ml;Scotland;;R441,00;TOPS;R450,00;R459,00;R441,00;R472,50;R445,50;https://www.google.com/search?tbm=isch&q=Monkey+Shoulder+bottle+pack+product+image;https://www.google.com/search?q=Monkey+Shoulder+South+Africa;"Representative SA market pricing; sampled March 2026 retailer pages used where available, otherwise estimated from category/brand positioning.";Monkey Shoulder bottle pack product image
J&B Rare;Whisky - Blended Scotch;750ml;Scotland;;R313,60;TOPS;R320,00;R326,40;R313,60;R336,00;R316,80;https://www.google.com/search?tbm=isch&q=J%26B+Rare+bottle+pack+product+image;https://www.google.com/search?q=J%26B+Rare+South+Africa;"Representative SA market pricing; sampled March 2026 retailer pages used where available, otherwise estimated from category/brand positioning.";J&B Rare bottle pack product image
Bell's Extra Special;Whisky - Blended Scotch;750ml;Scotland;;R313,60;TOPS;R320,00;R326,40;R313,60;R336,00;R316,80;https://www.google.com/search?tbm=isch&q=Bell%27s+Extra+Special+bottle+pack+product+image;https://www.google.com/search?q=Bell%27s+Extra+Special+South+Africa;"Representative SA market pricing; sampled March 2026 retailer pages used where available, otherwise estimated from category/brand positioning.";Bell's Extra Special bottle pack product image
Grant's Family Reserve;Whisky - Blended Scotch;750ml;Scotland;;R313,60;TOPS;R320,00;R326,40;R313,60;R336,00;R316,80;https://www.google.com/search?tbm=isch&q=Grant%27s+Family+Reserve+bottle+pack+product+image;https://www.google.com/search?q=Grant%27s+Family+Reserve+South+Africa;"Representative SA market pricing; sampled March 2026 retailer pages used where available, otherwise estimated from category/brand positioning.";Grant's Family Reserve bottle pack product image
Grant's Triple Wood 12 Year Old;Whisky - Blended Scotch;750ml;Scotland;;R735,00;TOPS;R750,00;R765,00;R735,00;R787,50;R742,50;https://www.google.com/search?tbm=isch&q=Grant%27s+Triple+Wood+12+Year+Old+bottle+pack+product+image;https://www.google.com/search?q=Grant%27s+Triple+Wood+12+Year+Old+South+Africa;"Representative SA market pricing; sampled March 2026 retailer pages used where available, otherwise estimated from category/brand positioning.";Grant's Triple Wood 12 Year Old bottle pack product image
Famous Grouse;Whisky - Blended Scotch;750ml;Scotland;;R313,60;TOPS;R320,00;R326,40;R313,60;R336,00;R316,80;https://www.google.com/search?tbm=isch&q=Famous+Grouse+bottle+pack+product+image;https://www.google.com/search?q=Famous+Grouse+South+Africa;"Representative SA market pricing; sampled March 2026 retailer pages used where available, otherwise estimated from category/brand positioning.";Famous Grouse bottle pack product image
Famous Grouse Smoky Black;Whisky - Blended Scotch;750ml;Scotland;;R313,60;TOPS;R320,00;R326,40;R313,60;R336,00;R316,80;https://www.google.com/search?tbm=isch&q=Famous+Grouse+Smoky+Black+bottle+pack+product+image;https://www.google.com/search?q=Famous+Grouse+Smoky+Black+South+Africa;"Representative SA market pricing; sampled March 2026 retailer pages used where available, otherwise estimated from category/brand positioning.";Famous Grouse Smoky Black bottle pack product image
Cutty Sark;Whisky - Blended Scotch;750ml;Scotland;;R637,00;TOPS;R650,00;R663,00;R637,00;R682,50;R643,50;https://www.google.com/search?tbm=isch&q=Cutty+Sark+bottle+pack+product+image;https://www.google.com/search?q=Cutty+Sark+South+Africa;"Representative SA market pricing; sampled March 2026 retailer pages used where available, otherwise estimated from category/brand positioning.";Cutty Sark bottle pack product image
Dewar's White Label;Whisky - Blended Scotch;750ml;Scotland;;R637,00;TOPS;R650,00;R663,00;R637,00;R682,50;R643,50;https://www.google.com/search?tbm=isch&q=Dewar%27s+White+Label+bottle+pack+product+image;https://www.google.com/search?q=Dewar%27s+White+Label+South+Africa;"Representative SA market pricing; sampled March 2026 retailer pages used where available, otherwise estimated from category/brand positioning.";Dewar's White Label bottle pack product image
Dewar's 12 Year Old;Whisky - Blended Scotch;750ml;Scotland;;R735,00;TOPS;R750,00;R765,00;R735,00;R787,50;R742,50;https://www.google.com/search?tbm=isch&q=Dewar%27s+12+Year+Old+bottle+pack+product+image;https://www.google.com/search?q=Dewar%27s+12+Year+Old+South+Africa;"Representative SA market pricing; sampled March 2026 retailer pages used where available, otherwise estimated from category/brand positioning.";Dewar's 12 Year Old bottle pack product image
Dewar's 15 Year Old;Whisky - Blended Scotch;750ml;Scotland;;R1 164,00;TOPS;R1 224,00;R1 212,00;R1 164,00;R1 260,00;R1 200,00;https://www.google.com/search?tbm=isch&q=Dewar%27s+15+Year+Old+bottle+pack+product+image;https://www.google.com/search?q=Dewar%27s+15+Year+Old+South+Africa;"Representative SA market pricing; sampled March 2026 retailer pages used where available, otherwise estimated from category/brand positioning.";Dewar's 15 Year Old bottle pack product image
VAT 69;Whisky - Blended Scotch;750ml;Scotland;;R313,60;TOPS;R320,00;R326,40;R313,60;R336,00;R316,80;https://www.google.com/search?tbm=isch&q=VAT+69+bottle+pack+product+image;https://www.google.com/search?q=VAT+69+South+Africa;"Representative SA market pricing; sampled March 2026 retailer pages used where available, otherwise estimated from category/brand positioning.";VAT 69 bottle pack product image
Teacher's Highland Cream;Whisky - Blended Scotch;750ml;Scotland;;R313,60;TOPS;R320,00;R326,40;R313,60;R336,00;R316,80;https://www.google.com/search?tbm=isch&q=Teacher%27s+Highland+Cream+bottle+pack+product+image;https://www.google.com/search?q=Teacher%27s+Highland+Cream+South+Africa;"Representative SA market pricing; sampled March 2026 retailer pages used where available, otherwise estimated from category/brand positioning.";Teacher's Highland Cream bottle pack product image
Buchanan's Deluxe 12 Year Old;Whisky - Blended Scotch;750ml;Scotland;;R735,00;TOPS;R750,00;R765,00;R735,00;R787,50;R742,50;https://www.google.com/search?tbm=isch&q=Buchanan%27s+Deluxe+12+Year+Old+bottle+pack+product+image;https://www.google.com/search?q=Buchanan%27s+Deluxe+12+Year+Old+South+Africa;"Representative SA market pricing; sampled March 2026 retailer pages used where available, otherwise estimated from category/brand positioning.";Buchanan's Deluxe 12 Year Old bottle pack product image
Buchanan's Special Reserve 18 Year Old;Whisky - Blended Scotch;750ml;Scotland;;R2 134,00;TOPS;R2 244,00;R2 222,00;R2 134,00;R2 266,00;R2 200,00;https://www.google.com/search?tbm=isch&q=Buchanan%27s+Special+Reserve+18+Year+Old+bottle+pack+product+image;https://www.google.com/search?q=Buchanan%27s+Special+Reserve+18+Year+Old+South+Africa;"Representative SA market pricing; sampled March 2026 retailer pages used where available, otherwise estimated from category/brand positioning.";Buchanan's Special Reserve 18 Year Old bottle pack product image
Compass Box Great King Street;Whisky - Blended Scotch;750ml;Scotland;;R441,00;TOPS;R450,00;R459,00;R441,00;R472,50;R445,50;https://www.google.com/search?tbm=isch&q=Compass+Box+Great+King+Street+bottle+pack+product+image;https://www.google.com/search?q=Compass+Box+Great+King+Street+South+Africa;"Representative SA market pricing; sampled March 2026 retailer pages used where available, otherwise estimated from category/brand positioning.";Compass Box Great King Street bottle pack product image
Compass Box Orchard House;Whisky - Blended Scotch;750ml;Scotland;;R441,00;TOPS;R450,00;R459,00;R441,00;R472,50;R445,50;https://www.google.com/search?tbm=isch&q=Compass+Box+Orchard+House+bottle+pack+product+image;https://www.google.com/search?q=Compass+Box+Orchard+House+South+Africa;"Representative SA market pricing; sampled March 2026 retailer pages used where available, otherwise estimated from category/brand positioning.";Compass Box Orchard House bottle pack product image
Naked Malt;Whisky - Blended Scotch;750ml;Scotland;;R441,00;TOPS;R450,00;R459,00;R441,00;R472,50;R445,50;https://www.google.com/search?tbm=isch&q=Naked+Malt+bottle+pack+product+image;https://www.google.com/search?q=Naked+Malt+South+Africa;"Representative SA market pricing; sampled March 2026 retailer pages used where available, otherwise estimated from category/brand positioning.";Naked Malt bottle pack product image
Black Bottle Original;Whisky - Blended Scotch;750ml;Scotland;;R637,00;TOPS;R650,00;R663,00;R637,00;R682,50;R643,50;https://www.google.com/search?tbm=isch&q=Black+Bottle+Original+bottle+pack+product+image;https://www.google.com/search?q=Black+Bottle+Original+South+Africa;"Representative SA market pricing; sampled March 2026 retailer pages used where available, otherwise estimated from category/brand positioning.";Black Bottle Original bottle pack product image
Scottish Leader Original;Whisky - Blended Scotch;750ml;Scotland;;R637,00;TOPS;R650,00;R663,00;R637,00;R682,50;R643,50;https://www.google.com/search?tbm=isch&q=Scottish+Leader+Original+bottle+pack+product+image;https://www.google.com/search?q=Scottish+Leader+Original+South+Africa;"Representative SA market pricing; sampled March 2026 retailer pages used where available, otherwise estimated from category/brand positioning.";Scottish Leader Original bottle pack product image
Black & White;Whisky - Blended Scotch;750ml;Scotland;;R313,60;TOPS;R320,00;R326,40;R313,60;R336,00;R316,80;https://www.google.com/search?tbm=isch&q=Black+%26+White+bottle+pack+product+image;https://www.google.com/search?q=Black+%26+White+South+Africa;"Representative SA market pricing; sampled March 2026 retailer pages used where available, otherwise estimated from category/brand positioning.";Black & White bottle pack product image
Old Parr 12 Year Old;Whisky - Blended Scotch;750ml;Scotland;;R735,00;TOPS;R750,00;R765,00;R735,00;R787,50;R742,50;https://www.google.com/search?tbm=isch&q=Old+Parr+12+Year+Old+bottle+pack+product+image;https://www.google.com/search?q=Old+Parr+12+Year+Old+South+Africa;"Representative SA market pricing; sampled March 2026 retailer pages used where available, otherwise estimated from category/brand positioning.";Old Parr 12 Year Old bottle pack product image
Royal Salute 21 Year Old;Whisky - Blended Scotch;750ml;Scotland;;R3 104,00;TOPS;R3 264,00;R3 232,00;R3 104,00;R3 296,00;R3 200,00;https://www.google.com/search?tbm=isch&q=Royal+Salute+21+Year+Old+bottle+pack+product+image;https://www.google.com/search?q=Royal+Salute+21+Year+Old+South+Africa;"Representative SA market pricing; sampled March 2026 retailer pages used where available, otherwise estimated from category/brand positioning.";Royal Salute 21 Year Old bottle pack product image
The Macallan Double Cask 12 Year Old;Whisky - Single Malt Scotch;750ml;Scotland;;R1 164,00;TOPS;R1 224,00;R1 212,00;R1 164,00;R1 260,00;R1 200,00;https://www.google.com/search?tbm=isch&q=The+Macallan+Double+Cask+12+Year+Old+bottle+pack+product+image;https://www.google.com/search?q=The+Macallan+Double+Cask+12+Year+Old+South+Africa;"Representative SA market pricing; sampled March 2026 retailer pages used where available, otherwise estimated from category/brand positioning.";The Macallan Double Cask 12 Year Old bottle pack product image
The Macallan Sherry Oak 12 Year Old;Whisky - Single Malt Scotch;750ml;Scotland;;R1 164,00;TOPS;R1 224,00;R1 212,00;R1 164,00;R1 260,00;R1 200,00;https://www.google.com/search?tbm=isch&q=The+Macallan+Sherry+Oak+12+Year+Old+bottle+pack+product+image;https://www.google.com/search?q=The+Macallan+Sherry+Oak+12+Year+Old+South+Africa;"Representative SA market pricing; sampled March 2026 retailer pages used where available, otherwise estimated from category/brand positioning.";The Macallan Sherry Oak 12 Year Old bottle pack product image
The Macallan Double Cask 15 Year Old;Whisky - Single Malt Scotch;750ml;Scotland;;R3 104,00;TOPS;R3 264,00;R3 232,00;R3 104,00;R3 296,00;R3 200,00;https://www.google.com/search?tbm=isch&q=The+Macallan+Double+Cask+15+Year+Old+bottle+pack+product+image;https://www.google.com/search?q=The+Macallan+Double+Cask+15+Year+Old+South+Africa;"Representative SA market pricing; sampled March 2026 retailer pages used where available, otherwise estimated from category/brand positioning.";The Macallan Double Cask 15 Year Old bottle pack product image
The Macallan Sherry Oak 18 Year Old;Whisky - Single Malt Scotch;750ml;Scotland;;R3 104,00;TOPS;R3 264,00;R3 232,00;R3 104,00;R3 296,00;R3 200,00;https://www.google.com/search?tbm=isch&q=The+Macallan+Sherry+Oak+18+Year+Old+bottle+pack+product+image;https://www.google.com/search?q=The+Macallan+Sherry+Oak+18+Year+Old+South+Africa;"Representative SA market pricing; sampled March 2026 retailer pages used where available, otherwise estimated from category/brand positioning.";The Macallan Sherry Oak 18 Year Old bottle pack product image
The Macallan Rare Cask;Whisky - Single Malt Scotch;750ml;Scotland;;R3 104,00;TOPS;R3 264,00;R3 232,00;R3 104,00;R3 296,00;R3 200,00;https://www.google.com/search?tbm=isch&q=The+Macallan+Rare+Cask+bottle+pack+product+image;https://www.google.com/search?q=The+Macallan+Rare+Cask+South+Africa;"Representative SA market pricing; sampled March 2026 retailer pages used where available, otherwise estimated from category/brand positioning.";The Macallan Rare Cask bottle pack product image
The Macallan Harmony Collection;Whisky - Single Malt Scotch;750ml;Scotland;;R3 104,00;TOPS;R3 264,00;R3 232,00;R3 104,00;R3 296,00;R3 200,00;https://www.google.com/search?tbm=isch&q=The+Macallan+Harmony+Collection+bottle+pack+product+image;https://www.google.com/search?q=The+Macallan+Harmony+Collection+South+Africa;"Representative SA market pricing; sampled March 2026 retailer pages used where available, otherwise estimated from category/brand positioning.";The Macallan Harmony Collection bottle pack product image
Glenfiddich 12 Year Old;Whisky - Single Malt Scotch;750ml;Scotland;;R735,00;TOPS;R750,00;R765,00;R735,00;R787,50;R742,50;https://www.google.com/search?tbm=isch&q=Glenfiddich+12+Year+Old+bottle+pack+product+image;https://www.google.com/search?q=Glenfiddich+12+Year+Old+South+Africa;"Representative SA market pricing; sampled March 2026 retailer pages used where available, otherwise estimated from category/brand positioning.";Glenfiddich 12 Year Old bottle pack product image
Glenfiddich 15 Year Old Solera;Whisky - Single Malt Scotch;750ml;Scotland;;R1 164,00;TOPS;R1 224,00;R1 212,00;R1 164,00;R1 260,00;R1 200,00;https://www.google.com/search?tbm=isch&q=Glenfiddich+15+Year+Old+Solera+bottle+pack+product+image;https://www.google.com/search?q=Glenfiddich+15+Year+Old+Solera+South+Africa;"Representative SA market pricing; sampled March 2026 retailer pages used where available, otherwise estimated from category/brand positioning.";Glenfiddich 15 Year Old Solera bottle pack product image
Glenfiddich 18 Year Old;Whisky - Single Malt Scotch;750ml;Scotland;;R2 134,00;TOPS;R2 244,00;R2 222,00;R2 134,00;R2 266,00;R2 200,00;https://www.google.com/search?tbm=isch&q=Glenfiddich+18+Year+Old+bottle+pack+product+image;https://www.google.com/search?q=Glenfiddich+18+Year+Old+South+Africa;"Representative SA market pricing; sampled March 2026 retailer pages used where available, otherwise estimated from category/brand positioning.";Glenfiddich 18 Year Old bottle pack product image
Glenfiddich 21 Year Old Reserva Rum Cask;Whisky - Single Malt Scotch;750ml;Scotland;;R2 134,00;TOPS;R2 244,00;R2 222,00;R2 134,00;R2 266,00;R2 200,00;https://www.google.com/search?tbm=isch&q=Glenfiddich+21+Year+Old+Reserva+Rum+Cask+bottle+pack+product+image;https://www.google.com/search?q=Glenfiddich+21+Year+Old+Reserva+Rum+Cask+South+Africa;"Representative SA market pricing; sampled March 2026 retailer pages used where available, otherwise estimated from category/brand positioning.";Glenfiddich 21 Year Old Reserva Rum Cask bottle pack product image
Glenfiddich 23 Year Old Grand Cru;Whisky - Single Malt Scotch;750ml;Scotland;;R3 104,00;TOPS;R3 264,00;R3 232,00;R3 104,00;R3 296,00;R3 200,00;https://www.google.com/search?tbm=isch&q=Glenfiddich+23+Year+Old+Grand+Cru+bottle+pack+product+image;https://www.google.com/search?q=Glenfiddich+23+Year+Old+Grand+Cru+South+Africa;"Representative SA market pricing; sampled March 2026 retailer pages used where available, otherwise estimated from category/brand positioning.";Glenfiddich 23 Year Old Grand Cru bottle pack product image
Glenfiddich 26 Year Old Grande Couronne;Whisky - Single Malt Scotch;750ml;Scotland;;R3 104,00;TOPS;R3 264,00;R3 232,00;R3 104,00;R3 296,00;R3 200,00;https://www.google.com/search?tbm=isch&q=Glenfiddich+26+Year+Old+Grande+Couronne+bottle+pack+product+image;https://www.google.com/search?q=Glenfiddich+26+Year+Old+Grande+Couronne+South+Africa;"Representative SA market pricing; sampled March 2026 retailer pages used where available, otherwise estimated from category/brand positioning.";Glenfiddich 26 Year Old Grande Couronne bottle pack product image
The Glenlivet 12 Year Old;Whisky - Single Malt Scotch;750ml;Scotland;;R735,00;TOPS;R750,00;R765,00;R735,00;R787,50;R742,50;https://www.google.com/search?tbm=isch&q=The+Glenlivet+12+Year+Old+bottle+pack+product+image;https://www.google.com/search?q=The+Glenlivet+12+Year+Old+South+Africa;"Representative SA market pricing; sampled March 2026 retailer pages used where available, otherwise estimated from category/brand positioning.";The Glenlivet 12 Year Old bottle pack product image
The Glenlivet 15 Year Old French Oak Reserve;Whisky - Single Malt Scotch;750ml;Scotland;;R1 164,00;TOPS;R1 224,00;R1 212,00;R1 164,00;R1 260,00;R1 200,00;https://www.google.com/search?tbm=isch&q=The+Glenlivet+15+Year+Old+French+Oak+Reserve+bottle+pack+product+image;https://www.google.com/search?q=The+Glenlivet+15+Year+Old+French+Oak+Reserve+South+Africa;"Representative SA market pricing; sampled March 2026 retailer pages used where available, otherwise estimated from category/brand positioning.";The Glenlivet 15 Year Old French Oak Reserve bottle pack product image
The Glenlivet 18 Year Old;Whisky - Single Malt Scotch;750ml;Scotland;;R2 134,00;TOPS;R2 244,00;R2 222,00;R2 134,00;R2 266,00;R2 200,00;https://www.google.com/search?tbm=isch&q=The+Glenlivet+18+Year+Old+bottle+pack+product+image;https://www.google.com/search?q=The+Glenlivet+18+Year+Old+South+Africa;"Representative SA market pricing; sampled March 2026 retailer pages used where available, otherwise estimated from category/brand positioning.";The Glenlivet 18 Year Old bottle pack product image
The Glenlivet Founder’s Reserve;Whisky - Single Malt Scotch;750ml;Scotland;;R735,00;TOPS;R750,00;R765,00;R735,00;R787,50;R742,50;https://www.google.com/search?tbm=isch&q=The+Glenlivet+Founder%E2%80%99s+Reserve+bottle+pack+product+image;https://www.google.com/search?q=The+Glenlivet+Founder%E2%80%99s+Reserve+South+Africa;"Representative SA market pricing; sampled March 2026 retailer pages used where available, otherwise estimated from category/brand positioning.";The Glenlivet Founder’s Reserve bottle pack product image
The Glenlivet Caribbean Reserve;Whisky - Single Malt Scotch;750ml;Scotland;;R637,00;TOPS;R650,00;R663,00;R637,00;R682,50;R643,50;https://www.google.com/search?tbm=isch&q=The+Glenlivet+Caribbean+Reserve+bottle+pack+product+image;https://www.google.com/search?q=The+Glenlivet+Caribbean+Reserve+South+Africa;"Representative SA market pricing; sampled March 2026 retailer pages used where available, otherwise estimated from category/brand positioning.";The Glenlivet Caribbean Reserve bottle pack product image
The Glenlivet XXV;Whisky - Single Malt Scotch;750ml;Scotland;;R3 104,00;TOPS;R3 264,00;R3 232,00;R3 104,00;R3 296,00;R3 200,00;https://www.google.com/search?tbm=isch&q=The+Glenlivet+XXV+bottle+pack+product+image;https://www.google.com/search?q=The+Glenlivet+XXV+South+Africa;"Representative SA market pricing; sampled March 2026 retailer pages used where available, otherwise estimated from category/brand positioning.";The Glenlivet XXV bottle pack product image
Glenmorangie Original 10 Year Old;Whisky - Single Malt Scotch;750ml;Scotland;;R735,00;TOPS;R750,00;R765,00;R735,00;R787,50;R742,50;https://www.google.com/search?tbm=isch&q=Glenmorangie+Original+10+Year+Old+bottle+pack+product+image;https://www.google.com/search?q=Glenmorangie+Original+10+Year+Old+South+Africa;"Representative SA market pricing; sampled March 2026 retailer pages used where available, otherwise estimated from category/brand positioning.";Glenmorangie Original 10 Year Old bottle pack product image
Glenmorangie Lasanta 12 Year Old;Whisky - Single Malt Scotch;750ml;Scotland;;R735,00;TOPS;R750,00;R765,00;R735,00;R787,50;R742,50;https://www.google.com/search?tbm=isch&q=Glenmorangie+Lasanta+12+Year+Old+bottle+pack+product+image;https://www.google.com/search?q=Glenmorangie+Lasanta+12+Year+Old+South+Africa;"Representative SA market pricing; sampled March 2026 retailer pages used where available, otherwise estimated from category/brand positioning.";Glenmorangie Lasanta 12 Year Old bottle pack product image
Glenmorangie Quinta Ruban 14 Year Old;Whisky - Single Malt Scotch;750ml;Scotland;;R1 164,00;TOPS;R1 224,00;R1 212,00;R1 164,00;R1 260,00;R1 200,00;https://www.google.com/search?tbm=isch&q=Glenmorangie+Quinta+Ruban+14+Year+Old+bottle+pack+product+image;https://www.google.com/search?q=Glenmorangie+Quinta+Ruban+14+Year+Old+South+Africa;"Representative SA market pricing; sampled March 2026 retailer pages used where available, otherwise estimated from category/brand positioning.";Glenmorangie Quinta Ruban 14 Year Old bottle pack product image
Glenmorangie Nectar d’Or;Whisky - Single Malt Scotch;750ml;Scotland;;R637,00;TOPS;R650,00;R663,00;R637,00;R682,50;R643,50;https://www.google.com/search?tbm=isch&q=Glenmorangie+Nectar+d%E2%80%99Or+bottle+pack+product+image;https://www.google.com/search?q=Glenmorangie+Nectar+d%E2%80%99Or+South+Africa;"Representative SA market pricing; sampled March 2026 retailer pages used where available, otherwise estimated from category/brand positioning.";Glenmorangie Nectar d’Or bottle pack product image
Glenmorangie Signet;Whisky - Single Malt Scotch;750ml;Scotland;;R3 104,00;TOPS;R3 264,00;R3 232,00;R3 104,00;R3 296,00;R3 200,00;https://www.google.com/search?tbm=isch&q=Glenmorangie+Signet+bottle+pack+product+image;https://www.google.com/search?q=Glenmorangie+Signet+South+Africa;"Representative SA market pricing; sampled March 2026 retailer pages used where available, otherwise estimated from category/brand positioning.";Glenmorangie Signet bottle pack product image
The Dalmore 12 Year Old;Whisky - Single Malt Scotch;750ml;Scotland;;R735,00;TOPS;R750,00;R765,00;R735,00;R787,50;R742,50;https://www.google.com/search?tbm=isch&q=The+Dalmore+12+Year+Old+bottle+pack+product+image;https://www.google.com/search?q=The+Dalmore+12+Year+Old+South+Africa;"Representative SA market pricing; sampled March 2026 retailer pages used where available, otherwise estimated from category/brand positioning.";The Dalmore 12 Year Old bottle pack product image
The Dalmore 15 Year Old;Whisky - Single Malt Scotch;750ml;Scotland;;R1 164,00;TOPS;R1 224,00;R1 212,00;R1 164,00;R1 260,00;R1 200,00;https://www.google.com/search?tbm=isch&q=The+Dalmore+15+Year+Old+bottle+pack+product+image;https://www.google.com/search?q=The+Dalmore+15+Year+Old+South+Africa;"Representative SA market pricing; sampled March 2026 retailer pages used where available, otherwise estimated from category/brand positioning.";The Dalmore 15 Year Old bottle pack product image
The Dalmore 18 Year Old;Whisky - Single Malt Scotch;750ml;Scotland;;R3 104,00;TOPS;R3 264,00;R3 232,00;R3 104,00;R3 296,00;R3 200,00;https://www.google.com/search?tbm=isch&q=The+Dalmore+18+Year+Old+bottle+pack+product+image;https://www.google.com/search?q=The+Dalmore+18+Year+Old+South+Africa;"Representative SA market pricing; sampled March 2026 retailer pages used where available, otherwise estimated from category/brand positioning.";The Dalmore 18 Year Old bottle pack product image
The Dalmore Cigar Malt Reserve;Whisky - Single Malt Scotch;750ml;Scotland;;R637,00;TOPS;R650,00;R663,00;R637,00;R682,50;R643,50;https://www.google.com/search?tbm=isch&q=The+Dalmore+Cigar+Malt+Reserve+bottle+pack+product+image;https://www.google.com/search?q=The+Dalmore+Cigar+Malt+Reserve+South+Africa;"Representative SA market pricing; sampled March 2026 retailer pages used where available, otherwise estimated from category/brand positioning.";The Dalmore Cigar Malt Reserve bottle pack product image
Ardbeg 10 Year Old;Whisky - Single Malt Scotch;750ml;Scotland;;R735,00;TOPS;R750,00;R765,00;R735,00;R787,50;R742,50;https://www.google.com/search?tbm=isch&q=Ardbeg+10+Year+Old+bottle+pack+product+image;https://www.google.com/search?q=Ardbeg+10+Year+Old+South+Africa;"Representative SA market pricing; sampled March 2026 retailer pages used where available, otherwise estimated from category/brand positioning.";Ardbeg 10 Year Old bottle pack product image
Ardbeg Uigeadail;Whisky - Single Malt Scotch;750ml;Scotland;;R1 164,00;TOPS;R1 224,00;R1 212,00;R1 164,00;R1 260,00;R1 200,00;https://www.google.com/search?tbm=isch&q=Ardbeg+Uigeadail+bottle+pack+product+image;https://www.google.com/search?q=Ardbeg+Uigeadail+South+Africa;"Representative SA market pricing; sampled March 2026 retailer pages used where available, otherwise estimated from category/brand positioning.";Ardbeg Uigeadail bottle pack product image
Ardbeg Corryvreckan;Whisky - Single Malt Scotch;750ml;Scotland;;R1 164,00;TOPS;R1 224,00;R1 212,00;R1 164,00;R1 260,00;R1 200,00;https://www.google.com/search?tbm=isch&q=Ardbeg+Corryvreckan+bottle+pack+product+image;https://www.google.com/search?q=Ardbeg+Corryvreckan+South+Africa;"Representative SA market pricing; sampled March 2026 retailer pages used where available, otherwise estimated from category/brand positioning.";Ardbeg Corryvreckan bottle pack product image
Lagavulin 8 Year Old;Whisky - Single Malt Scotch;750ml;Scotland;;R637,00;TOPS;R650,00;R663,00;R637,00;R682,50;R643,50;https://www.google.com/search?tbm=isch&q=Lagavulin+8+Year+Old+bottle+pack+product+image;https://www.google.com/search?q=Lagavulin+8+Year+Old+South+Africa;"Representative SA market pricing; sampled March 2026 retailer pages used where available, otherwise estimated from category/brand positioning.";Lagavulin 8 Year Old bottle pack product image
Lagavulin 16 Year Old;Whisky - Single Malt Scotch;750ml;Scotland;;R1 164,00;TOPS;R1 224,00;R1 212,00;R1 164,00;R1 260,00;R1 200,00;https://www.google.com/search?tbm=isch&q=Lagavulin+16+Year+Old+bottle+pack+product+image;https://www.google.com/search?q=Lagavulin+16+Year+Old+South+Africa;"Representative SA market pricing; sampled March 2026 retailer pages used where available, otherwise estimated from category/brand positioning.";Lagavulin 16 Year Old bottle pack product image
Talisker 10 Year Old;Whisky - Single Malt Scotch;750ml;Scotland;;R735,00;TOPS;R750,00;R765,00;R735,00;R787,50;R742,50;https://www.google.com/search?tbm=isch&q=Talisker+10+Year+Old+bottle+pack+product+image;https://www.google.com/search?q=Talisker+10+Year+Old+South+Africa;"Representative SA market pricing; sampled March 2026 retailer pages used where available, otherwise estimated from category/brand positioning.";Talisker 10 Year Old bottle pack product image
Talisker Skye;Whisky - Single Malt Scotch;750ml;Scotland;;R637,00;TOPS;R650,00;R663,00;R637,00;R682,50;R643,50;https://www.google.com/search?tbm=isch&q=Talisker+Skye+bottle+pack+product+image;https://www.google.com/search?q=Talisker+Skye+South+Africa;"Representative SA market pricing; sampled March 2026 retailer pages used where available, otherwise estimated from category/brand positioning.";Talisker Skye bottle pack product image
Talisker Storm;Whisky - Single Malt Scotch;750ml;Scotland;;R637,00;TOPS;R650,00;R663,00;R637,00;R682,50;R643,50;https://www.google.com/search?tbm=isch&q=Talisker+Storm+bottle+pack+product+image;https://www.google.com/search?q=Talisker+Storm+South+Africa;"Representative SA market pricing; sampled March 2026 retailer pages used where available, otherwise estimated from category/brand positioning.";Talisker Storm bottle pack product image
Laphroaig 10 Year Old;Whisky - Single Malt Scotch;750ml;Scotland;;R735,00;TOPS;R750,00;R765,00;R735,00;R787,50;R742,50;https://www.google.com/search?tbm=isch&q=Laphroaig+10+Year+Old+bottle+pack+product+image;https://www.google.com/search?q=Laphroaig+10+Year+Old+South+Africa;"Representative SA market pricing; sampled March 2026 retailer pages used where available, otherwise estimated from category/brand positioning.";Laphroaig 10 Year Old bottle pack product image
Laphroaig Quarter Cask;Whisky - Single Malt Scotch;750ml;Scotland;;R637,00;TOPS;R650,00;R663,00;R637,00;R682,50;R643,50;https://www.google.com/search?tbm=isch&q=Laphroaig+Quarter+Cask+bottle+pack+product+image;https://www.google.com/search?q=Laphroaig+Quarter+Cask+South+Africa;"Representative SA market pricing; sampled March 2026 retailer pages used where available, otherwise estimated from category/brand positioning.";Laphroaig Quarter Cask bottle pack product image
Laphroaig Lore;Whisky - Single Malt Scotch;750ml;Scotland;;R1 164,00;TOPS;R1 224,00;R1 212,00;R1 164,00;R1 260,00;R1 200,00;https://www.google.com/search?tbm=isch&q=Laphroaig+Lore+bottle+pack+product+image;https://www.google.com/search?q=Laphroaig+Lore+South+Africa;"Representative SA market pricing; sampled March 2026 retailer pages used where available, otherwise estimated from category/brand positioning.";Laphroaig Lore bottle pack product image
Oban 14 Year Old;Whisky - Single Malt Scotch;750ml;Scotland;;R1 164,00;TOPS;R1 224,00;R1 212,00;R1 164,00;R1 260,00;R1 200,00;https://www.google.com/search?tbm=isch&q=Oban+14+Year+Old+bottle+pack+product+image;https://www.google.com/search?q=Oban+14+Year+Old+South+Africa;"Representative SA market pricing; sampled March 2026 retailer pages used where available, otherwise estimated from category/brand positioning.";Oban 14 Year Old bottle pack product image
Aberlour 12 Year Old Double Cask;Whisky - Single Malt Scotch;750ml;Scotland;;R1 164,00;TOPS;R1 224,00;R1 212,00;R1 164,00;R1 260,00;R1 200,00;https://www.google.com/search?tbm=isch&q=Aberlour+12+Year+Old+Double+Cask+bottle+pack+product+image;https://www.google.com/search?q=Aberlour+12+Year+Old+Double+Cask+South+Africa;"Representative SA market pricing; sampled March 2026 retailer pages used where available, otherwise estimated from category/brand positioning.";Aberlour 12 Year Old Double Cask bottle pack product image
Aberlour A’bunadh;Whisky - Single Malt Scotch;750ml;Scotland;;R1 164,00;TOPS;R1 224,00;R1 212,00;R1 164,00;R1 260,00;R1 200,00;https://www.google.com/search?tbm=isch&q=Aberlour+A%E2%80%99bunadh+bottle+pack+product+image;https://www.google.com/search?q=Aberlour+A%E2%80%99bunadh+South+Africa;"Representative SA market pricing; sampled March 2026 retailer pages used where available, otherwise estimated from category/brand positioning.";Aberlour A’bunadh bottle pack product image
Benriach 10 Year Old;Whisky - Single Malt Scotch;750ml;Scotland;;R735,00;TOPS;R750,00;R765,00;R735,00;R787,50;R742,50;https://www.google.com/search?tbm=isch&q=Benriach+10+Year+Old+bottle+pack+product+image;https://www.google.com/search?q=Benriach+10+Year+Old+South+Africa;"Representative SA market pricing; sampled March 2026 retailer pages used where available, otherwise estimated from category/brand positioning.";Benriach 10 Year Old bottle pack product image
Benriach 12 Year Old;Whisky - Single Malt Scotch;750ml;Scotland;;R735,00;TOPS;R750,00;R765,00;R735,00;R787,50;R742,50;https://www.google.com/search?tbm=isch&q=Benriach+12+Year+Old+bottle+pack+product+image;https://www.google.com/search?q=Benriach+12+Year+Old+South+Africa;"Representative SA market pricing; sampled March 2026 retailer pages used where available, otherwise estimated from category/brand positioning.";Benriach 12 Year Old bottle pack product image
BenRiach The Smoky Ten;Whisky - Single Malt Scotch;750ml;Scotland;;R637,00;TOPS;R650,00;R663,00;R637,00;R682,50;R643,50;https://www.google.com/search?tbm=isch&q=BenRiach+The+Smoky+Ten+bottle+pack+product+image;https://www.google.com/search?q=BenRiach+The+Smoky+Ten+South+Africa;"Representative SA market pricing; sampled March 2026 retailer pages used where available, otherwise estimated from category/brand positioning.";BenRiach The Smoky Ten bottle pack product image
BenRiach The Original Ten;Whisky - Single Malt Scotch;750ml;Scotland;;R637,00;TOPS;R650,00;R663,00;R637,00;R682,50;R643,50;https://www.google.com/search?tbm=isch&q=BenRiach+The+Original+Ten+bottle+pack+product+image;https://www.google.com/search?q=BenRiach+The+Original+Ten+South+Africa;"Representative SA market pricing; sampled March 2026 retailer pages used where available, otherwise estimated from category/brand positioning.";BenRiach The Original Ten bottle pack product image
Benromach 10 Year Old;Whisky - Single Malt Scotch;750ml;Scotland;;R735,00;TOPS;R750,00;R765,00;R735,00;R787,50;R742,50;https://www.google.com/search?tbm=isch&q=Benromach+10+Year+Old+bottle+pack+product+image;https://www.google.com/search?q=Benromach+10+Year+Old+South+Africa;"Representative SA market pricing; sampled March 2026 retailer pages used where available, otherwise estimated from category/brand positioning.";Benromach 10 Year Old bottle pack product image
Balvenie DoubleWood 12 Year Old;Whisky - Single Malt Scotch;750ml;Scotland;;R1 164,00;TOPS;R1 224,00;R1 212,00;R1 164,00;R1 260,00;R1 200,00;https://www.google.com/search?tbm=isch&q=Balvenie+DoubleWood+12+Year+Old+bottle+pack+product+image;https://www.google.com/search?q=Balvenie+DoubleWood+12+Year+Old+South+Africa;"Representative SA market pricing; sampled March 2026 retailer pages used where available, otherwise estimated from category/brand positioning.";Balvenie DoubleWood 12 Year Old bottle pack product image
Balvenie Caribbean Cask 14 Year Old;Whisky - Single Malt Scotch;750ml;Scotland;;R1 164,00;TOPS;R1 224,00;R1 212,00;R1 164,00;R1 260,00;R1 200,00;https://www.google.com/search?tbm=isch&q=Balvenie+Caribbean+Cask+14+Year+Old+bottle+pack+product+image;https://www.google.com/search?q=Balvenie+Caribbean+Cask+14+Year+Old+South+Africa;"Representative SA market pricing; sampled March 2026 retailer pages used where available, otherwise estimated from category/brand positioning.";Balvenie Caribbean Cask 14 Year Old bottle pack product image
Balvenie DoubleWood 17 Year Old;Whisky - Single Malt Scotch;750ml;Scotland;;R2 134,00;TOPS;R2 244,00;R2 222,00;R2 134,00;R2 266,00;R2 200,00;https://www.google.com/search?tbm=isch&q=Balvenie+DoubleWood+17+Year+Old+bottle+pack+product+image;https://www.google.com/search?q=Balvenie+DoubleWood+17+Year+Old+South+Africa;"Representative SA market pricing; sampled March 2026 retailer pages used where available, otherwise estimated from category/brand positioning.";Balvenie DoubleWood 17 Year Old bottle pack product image
Balvenie 21 Year Old PortWood;Whisky - Single Malt Scotch;750ml;Scotland;;R3 104,00;TOPS;R3 264,00;R3 232,00;R3 104,00;R3 296,00;R3 200,00;https://www.google.com/search?tbm=isch&q=Balvenie+21+Year+Old+PortWood+bottle+pack+product+image;https://www.google.com/search?q=Balvenie+21+Year+Old+PortWood+South+Africa;"Representative SA market pricing; sampled March 2026 retailer pages used where available, otherwise estimated from category/brand positioning.";Balvenie 21 Year Old PortWood bottle pack product image
Bunnahabhain 12 Year Old;Whisky - Single Malt Scotch;750ml;Scotland;;R735,00;TOPS;R750,00;R765,00;R735,00;R787,50;R742,50;https://www.google.com/search?tbm=isch&q=Bunnahabhain+12+Year+Old+bottle+pack+product+image;https://www.google.com/search?q=Bunnahabhain+12+Year+Old+South+Africa;"Representative SA market pricing; sampled March 2026 retailer pages used where available, otherwise estimated from category/brand positioning.";Bunnahabhain 12 Year Old bottle pack product image
Bowmore 12 Year Old;Whisky - Single Malt Scotch;750ml;Scotland;;R735,00;TOPS;R750,00;R765,00;R735,00;R787,50;R742,50;https://www.google.com/search?tbm=isch&q=Bowmore+12+Year+Old+bottle+pack+product+image;https://www.google.com/search?q=Bowmore+12+Year+Old+South+Africa;"Representative SA market pricing; sampled March 2026 retailer pages used where available, otherwise estimated from category/brand positioning.";Bowmore 12 Year Old bottle pack product image
Bowmore 15 Year Old;Whisky - Single Malt Scotch;750ml;Scotland;;R1 164,00;TOPS;R1 224,00;R1 212,00;R1 164,00;R1 260,00;R1 200,00;https://www.google.com/search?tbm=isch&q=Bowmore+15+Year+Old+bottle+pack+product+image;https://www.google.com/search?q=Bowmore+15+Year+Old+South+Africa;"Representative SA market pricing; sampled March 2026 retailer pages used where available, otherwise estimated from category/brand positioning.";Bowmore 15 Year Old bottle pack product image
Bowmore 18 Year Old;Whisky - Single Malt Scotch;750ml;Scotland;;R2 134,00;TOPS;R2 244,00;R2 222,00;R2 134,00;R2 266,00;R2 200,00;https://www.google.com/search?tbm=isch&q=Bowmore+18+Year+Old+bottle+pack+product+image;https://www.google.com/search?q=Bowmore+18+Year+Old+South+Africa;"Representative SA market pricing; sampled March 2026 retailer pages used where available, otherwise estimated from category/brand positioning.";Bowmore 18 Year Old bottle pack product image
Bruichladdich The Classic Laddie;Whisky - Single Malt Scotch;750ml;Scotland;;R637,00;TOPS;R650,00;R663,00;R637,00;R682,50;R643,50;https://www.google.com/search?tbm=isch&q=Bruichladdich+The+Classic+Laddie+bottle+pack+product+image;https://www.google.com/search?q=Bruichladdich+The+Classic+Laddie+South+Africa;"Representative SA market pricing; sampled March 2026 retailer pages used where available, otherwise estimated from category/brand positioning.";Bruichladdich The Classic Laddie bottle pack product image
Bruichladdich Port Charlotte 10 Year Old;Whisky - Single Malt Scotch;750ml;Scotland;;R735,00;TOPS;R750,00;R765,00;R735,00;R787,50;R742,50;https://www.google.com/search?tbm=isch&q=Bruichladdich+Port+Charlotte+10+Year+Old+bottle+pack+product+image;https://www.google.com/search?q=Bruichladdich+Port+Charlotte+10+Year+Old+South+Africa;"Representative SA market pricing; sampled March 2026 retailer pages used where available, otherwise estimated from category/brand positioning.";Bruichladdich Port Charlotte 10 Year Old bottle pack product image
Caol Ila 12 Year Old;Whisky - Single Malt Scotch;750ml;Scotland;;R735,00;TOPS;R750,00;R765,00;R735,00;R787,50;R742,50;https://www.google.com/search?tbm=isch&q=Caol+Ila+12+Year+Old+bottle+pack+product+image;https://www.google.com/search?q=Caol+Ila+12+Year+Old+South+Africa;"Representative SA market pricing; sampled March 2026 retailer pages used where available, otherwise estimated from category/brand positioning.";Caol Ila 12 Year Old bottle pack product image
Cragganmore 12 Year Old;Whisky - Single Malt Scotch;750ml;Scotland;;R735,00;TOPS;R750,00;R765,00;R735,00;R787,50;R742,50;https://www.google.com/search?tbm=isch&q=Cragganmore+12+Year+Old+bottle+pack+product+image;https://www.google.com/search?q=Cragganmore+12+Year+Old+South+Africa;"Representative SA market pricing; sampled March 2026 retailer pages used where available, otherwise estimated from category/brand positioning.";Cragganmore 12 Year Old bottle pack product image
Dalwhinnie 15 Year Old;Whisky - Single Malt Scotch;750ml;Scotland;;R1 164,00;TOPS;R1 224,00;R1 212,00;R1 164,00;R1 260,00;R1 200,00;https://www.google.com/search?tbm=isch&q=Dalwhinnie+15+Year+Old+bottle+pack+product+image;https://www.google.com/search?q=Dalwhinnie+15+Year+Old+South+Africa;"Representative SA market pricing; sampled March 2026 retailer pages used where available, otherwise estimated from category/brand positioning.";Dalwhinnie 15 Year Old bottle pack product image
Glenfarclas 12 Year Old;Whisky - Single Malt Scotch;750ml;Scotland;;R735,00;TOPS;R750,00;R765,00;R735,00;R787,50;R742,50;https://www.google.com/search?tbm=isch&q=Glenfarclas+12+Year+Old+bottle+pack+product+image;https://www.google.com/search?q=Glenfarclas+12+Year+Old+South+Africa;"Representative SA market pricing; sampled March 2026 retailer pages used where available, otherwise estimated from category/brand positioning.";Glenfarclas 12 Year Old bottle pack product image
Glenfarclas 15 Year Old;Whisky - Single Malt Scotch;750ml;Scotland;;R1 164,00;TOPS;R1 224,00;R1 212,00;R1 164,00;R1 260,00;R1 200,00;https://www.google.com/search?tbm=isch&q=Glenfarclas+15+Year+Old+bottle+pack+product+image;https://www.google.com/search?q=Glenfarclas+15+Year+Old+South+Africa;"Representative SA market pricing; sampled March 2026 retailer pages used where available, otherwise estimated from category/brand positioning.";Glenfarclas 15 Year Old bottle pack product image
Glenfarclas 21 Year Old;Whisky - Single Malt Scotch;750ml;Scotland;;R2 134,00;TOPS;R2 244,00;R2 222,00;R2 134,00;R2 266,00;R2 200,00;https://www.google.com/search?tbm=isch&q=Glenfarclas+21+Year+Old+bottle+pack+product+image;https://www.google.com/search?q=Glenfarclas+21+Year+Old+South+Africa;"Representative SA market pricing; sampled March 2026 retailer pages used where available, otherwise estimated from category/brand positioning.";Glenfarclas 21 Year Old bottle pack product image
Glendronach 12 Year Old Original;Whisky - Single Malt Scotch;750ml;Scotland;;R735,00;TOPS;R750,00;R765,00;R735,00;R787,50;R742,50;https://www.google.com/search?tbm=isch&q=Glendronach+12+Year+Old+Original+bottle+pack+product+image;https://www.google.com/search?q=Glendronach+12+Year+Old+Original+South+Africa;"Representative SA market pricing; sampled March 2026 retailer pages used where available, otherwise estimated from category/brand positioning.";Glendronach 12 Year Old Original bottle pack product image
Glendronach 15 Year Old Revival;Whisky - Single Malt Scotch;750ml;Scotland;;R1 164,00;TOPS;R1 224,00;R1 212,00;R1 164,00;R1 260,00;R1 200,00;https://www.google.com/search?tbm=isch&q=Glendronach+15+Year+Old+Revival+bottle+pack+product+image;https://www.google.com/search?q=Glendronach+15+Year+Old+Revival+South+Africa;"Representative SA market pricing; sampled March 2026 retailer pages used where available, otherwise estimated from category/brand positioning.";Glendronach 15 Year Old Revival bottle pack product image
Glendronach 18 Year Old Allardice;Whisky - Single Malt Scotch;750ml;Scotland;;R2 134,00;TOPS;R2 244,00;R2 222,00;R2 134,00;R2 266,00;R2 200,00;https://www.google.com/search?tbm=isch&q=Glendronach+18+Year+Old+Allardice+bottle+pack+product+image;https://www.google.com/search?q=Glendronach+18+Year+Old+Allardice+South+Africa;"Representative SA market pricing; sampled March 2026 retailer pages used where available, otherwise estimated from category/brand positioning.";Glendronach 18 Year Old Allardice bottle pack product image
Glen Grant 10 Year Old;Whisky - Single Malt Scotch;750ml;Scotland;;R735,00;TOPS;R750,00;R765,00;R735,00;R787,50;R742,50;https://www.google.com/search?tbm=isch&q=Glen+Grant+10+Year+Old+bottle+pack+product+image;https://www.google.com/search?q=Glen+Grant+10+Year+Old+South+Africa;"Representative SA market pricing; sampled March 2026 retailer pages used where available, otherwise estimated from category/brand positioning.";Glen Grant 10 Year Old bottle pack product image
Glen Grant 12 Year Old;Whisky - Single Malt Scotch;750ml;Scotland;;R735,00;TOPS;R750,00;R765,00;R735,00;R787,50;R742,50;https://www.google.com/search?tbm=isch&q=Glen+Grant+12+Year+Old+bottle+pack+product+image;https://www.google.com/search?q=Glen+Grant+12+Year+Old+South+Africa;"Representative SA market pricing; sampled March 2026 retailer pages used where available, otherwise estimated from category/brand positioning.";Glen Grant 12 Year Old bottle pack product image
Glen Scotia Double Cask;Whisky - Single Malt Scotch;750ml;Scotland;;R1 164,00;TOPS;R1 224,00;R1 212,00;R1 164,00;R1 260,00;R1 200,00;https://www.google.com/search?tbm=isch&q=Glen+Scotia+Double+Cask+bottle+pack+product+image;https://www.google.com/search?q=Glen+Scotia+Double+Cask+South+Africa;"Representative SA market pricing; sampled March 2026 retailer pages used where available, otherwise estimated from category/brand positioning.";Glen Scotia Double Cask bottle pack product image
Glen Scotia 15 Year Old;Whisky - Single Malt Scotch;750ml;Scotland;;R1 164,00;TOPS;R1 224,00;R1 212,00;R1 164,00;R1 260,00;R1 200,00;https://www.google.com/search?tbm=isch&q=Glen+Scotia+15+Year+Old+bottle+pack+product+image;https://www.google.com/search?q=Glen+Scotia+15+Year+Old+South+Africa;"Representative SA market pricing; sampled March 2026 retailer pages used where available, otherwise estimated from category/brand positioning.";Glen Scotia 15 Year Old bottle pack product image
Glenkinchie 12 Year Old;Whisky - Single Malt Scotch;750ml;Scotland;;R735,00;TOPS;R750,00;R765,00;R735,00;R787,50;R742,50;https://www.google.com/search?tbm=isch&q=Glenkinchie+12+Year+Old+bottle+pack+product+image;https://www.google.com/search?q=Glenkinchie+12+Year+Old+South+Africa;"Representative SA market pricing; sampled March 2026 retailer pages used where available, otherwise estimated from category/brand positioning.";Glenkinchie 12 Year Old bottle pack product image
Glenrothes 12 Year Old;Whisky - Single Malt Scotch;750ml;Scotland;;R735,00;TOPS;R750,00;R765,00;R735,00;R787,50;R742,50;https://www.google.com/search?tbm=isch&q=Glenrothes+12+Year+Old+bottle+pack+product+image;https://www.google.com/search?q=Glenrothes+12+Year+Old+South+Africa;"Representative SA market pricing; sampled March 2026 retailer pages used where available, otherwise estimated from category/brand positioning.";Glenrothes 12 Year Old bottle pack product image
Glenrothes Whisky Maker’s Cut;Whisky - Single Malt Scotch;750ml;Scotland;;R637,00;TOPS;R650,00;R663,00;R637,00;R682,50;R643,50;https://www.google.com/search?tbm=isch&q=Glenrothes+Whisky+Maker%E2%80%99s+Cut+bottle+pack+product+image;https://www.google.com/search?q=Glenrothes+Whisky+Maker%E2%80%99s+Cut+South+Africa;"Representative SA market pricing; sampled March 2026 retailer pages used where available, otherwise estimated from category/brand positioning.";Glenrothes Whisky Maker’s Cut bottle pack product image
Highland Park 12 Year Old Viking Honour;Whisky - Single Malt Scotch;750ml;Scotland;;R735,00;TOPS;R750,00;R765,00;R735,00;R787,50;R742,50;https://www.google.com/search?tbm=isch&q=Highland+Park+12+Year+Old+Viking+Honour+bottle+pack+product+image;https://www.google.com/search?q=Highland+Park+12+Year+Old+Viking+Honour+South+Africa;"Representative SA market pricing; sampled March 2026 retailer pages used where available, otherwise estimated from category/brand positioning.";Highland Park 12 Year Old Viking Honour bottle pack product image
Highland Park 15 Year Old Viking Heart;Whisky - Single Malt Scotch;750ml;Scotland;;R1 164,00;TOPS;R1 224,00;R1 212,00;R1 164,00;R1 260,00;R1 200,00;https://www.google.com/search?tbm=isch&q=Highland+Park+15+Year+Old+Viking+Heart+bottle+pack+product+image;https://www.google.com/search?q=Highland+Park+15+Year+Old+Viking+Heart+South+Africa;"Representative SA market pricing; sampled March 2026 retailer pages used where available, otherwise estimated from category/brand positioning.";Highland Park 15 Year Old Viking Heart bottle pack product image
Highland Park 18 Year Old Viking Pride;Whisky - Single Malt Scotch;750ml;Scotland;;R3 104,00;TOPS;R3 264,00;R3 232,00;R3 104,00;R3 296,00;R3 200,00;https://www.google.com/search?tbm=isch&q=Highland+Park+18+Year+Old+Viking+Pride+bottle+pack+product+image;https://www.google.com/search?q=Highland+Park+18+Year+Old+Viking+Pride+South+Africa;"Representative SA market pricing; sampled March 2026 retailer pages used where available, otherwise estimated from category/brand positioning.";Highland Park 18 Year Old Viking Pride bottle pack product image
Jura 10 Year Old;Whisky - Single Malt Scotch;750ml;Scotland;;R735,00;TOPS;R750,00;R765,00;R735,00;R787,50;R742,50;https://www.google.com/search?tbm=isch&q=Jura+10+Year+Old+bottle+pack+product+image;https://www.google.com/search?q=Jura+10+Year+Old+South+Africa;"Representative SA market pricing; sampled March 2026 retailer pages used where available, otherwise estimated from category/brand positioning.";Jura 10 Year Old bottle pack product image
Jura 12 Year Old;Whisky - Single Malt Scotch;750ml;Scotland;;R735,00;TOPS;R750,00;R765,00;R735,00;R787,50;R742,50;https://www.google.com/search?tbm=isch&q=Jura+12+Year+Old+bottle+pack+product+image;https://www.google.com/search?q=Jura+12+Year+Old+South+Africa;"Representative SA market pricing; sampled March 2026 retailer pages used where available, otherwise estimated from category/brand positioning.";Jura 12 Year Old bottle pack product image
Jura Seven Wood;Whisky - Single Malt Scotch;750ml;Scotland;;R637,00;TOPS;R650,00;R663,00;R637,00;R682,50;R643,50;https://www.google.com/search?tbm=isch&q=Jura+Seven+Wood+bottle+pack+product+image;https://www.google.com/search?q=Jura+Seven+Wood+South+Africa;"Representative SA market pricing; sampled March 2026 retailer pages used where available, otherwise estimated from category/brand positioning.";Jura Seven Wood bottle pack product image
Kilchoman Machir Bay;Whisky - Single Malt Scotch;750ml;Scotland;;R637,00;TOPS;R650,00;R663,00;R637,00;R682,50;R643,50;https://www.google.com/search?tbm=isch&q=Kilchoman+Machir+Bay+bottle+pack+product+image;https://www.google.com/search?q=Kilchoman+Machir+Bay+South+Africa;"Representative SA market pricing; sampled March 2026 retailer pages used where available, otherwise estimated from category/brand positioning.";Kilchoman Machir Bay bottle pack product image
Knockando 12 Year Old;Whisky - Single Malt Scotch;750ml;Scotland;;R735,00;TOPS;R750,00;R765,00;R735,00;R787,50;R742,50;https://www.google.com/search?tbm=isch&q=Knockando+12+Year+Old+bottle+pack+product+image;https://www.google.com/search?q=Knockando+12+Year+Old+South+Africa;"Representative SA market pricing; sampled March 2026 retailer pages used where available, otherwise estimated from category/brand positioning.";Knockando 12 Year Old bottle pack product image
Mortlach 12 Year Old;Whisky - Single Malt Scotch;750ml;Scotland;;R735,00;TOPS;R750,00;R765,00;R735,00;R787,50;R742,50;https://www.google.com/search?tbm=isch&q=Mortlach+12+Year+Old+bottle+pack+product+image;https://www.google.com/search?q=Mortlach+12+Year+Old+South+Africa;"Representative SA market pricing; sampled March 2026 retailer pages used where available, otherwise estimated from category/brand positioning.";Mortlach 12 Year Old bottle pack product image
Old Pulteney 12 Year Old;Whisky - Single Malt Scotch;750ml;Scotland;;R735,00;TOPS;R750,00;R765,00;R735,00;R787,50;R742,50;https://www.google.com/search?tbm=isch&q=Old+Pulteney+12+Year+Old+bottle+pack+product+image;https://www.google.com/search?q=Old+Pulteney+12+Year+Old+South+Africa;"Representative SA market pricing; sampled March 2026 retailer pages used where available, otherwise estimated from category/brand positioning.";Old Pulteney 12 Year Old bottle pack product image
Royal Brackla 12 Year Old;Whisky - Single Malt Scotch;750ml;Scotland;;R735,00;TOPS;R750,00;R765,00;R735,00;R787,50;R742,50;https://www.google.com/search?tbm=isch&q=Royal+Brackla+12+Year+Old+bottle+pack+product+image;https://www.google.com/search?q=Royal+Brackla+12+Year+Old+South+Africa;"Representative SA market pricing; sampled March 2026 retailer pages used where available, otherwise estimated from category/brand positioning.";Royal Brackla 12 Year Old bottle pack product image
Scapa Skiren;Whisky - Single Malt Scotch;750ml;Scotland;;R637,00;TOPS;R650,00;R663,00;R637,00;R682,50;R643,50;https://www.google.com/search?tbm=isch&q=Scapa+Skiren+bottle+pack+product+image;https://www.google.com/search?q=Scapa+Skiren+South+Africa;"Representative SA market pricing; sampled March 2026 retailer pages used where available, otherwise estimated from category/brand positioning.";Scapa Skiren bottle pack product image
Singleton of Dufftown 12 Year Old;Whisky - Single Malt Scotch;750ml;Scotland;;R735,00;TOPS;R750,00;R765,00;R735,00;R787,50;R742,50;https://www.google.com/search?tbm=isch&q=Singleton+of+Dufftown+12+Year+Old+bottle+pack+product+image;https://www.google.com/search?q=Singleton+of+Dufftown+12+Year+Old+South+Africa;"Representative SA market pricing; sampled March 2026 retailer pages used where available, otherwise estimated from category/brand positioning.";Singleton of Dufftown 12 Year Old bottle pack product image
Singleton of Glen Ord 12 Year Old;Whisky - Single Malt Scotch;750ml;Scotland;;R735,00;TOPS;R750,00;R765,00;R735,00;R787,50;R742,50;https://www.google.com/search?tbm=isch&q=Singleton+of+Glen+Ord+12+Year+Old+bottle+pack+product+image;https://www.google.com/search?q=Singleton+of+Glen+Ord+12+Year+Old+South+Africa;"Representative SA market pricing; sampled March 2026 retailer pages used where available, otherwise estimated from category/brand positioning.";Singleton of Glen Ord 12 Year Old bottle pack product image
Singleton of Glendullan 12 Year Old;Whisky - Single Malt Scotch;750ml;Scotland;;R735,00;TOPS;R750,00;R765,00;R735,00;R787,50;R742,50;https://www.google.com/search?tbm=isch&q=Singleton+of+Glendullan+12+Year+Old+bottle+pack+product+image;https://www.google.com/search?q=Singleton+of+Glendullan+12+Year+Old+South+Africa;"Representative SA market pricing; sampled March 2026 retailer pages used where available, otherwise estimated from category/brand positioning.";Singleton of Glendullan 12 Year Old bottle pack product image
Speyburn 10 Year Old;Whisky - Single Malt Scotch;750ml;Scotland;;R735,00;TOPS;R750,00;R765,00;R735,00;R787,50;R742,50;https://www.google.com/search?tbm=isch&q=Speyburn+10+Year+Old+bottle+pack+product+image;https://www.google.com/search?q=Speyburn+10+Year+Old+South+Africa;"Representative SA market pricing; sampled March 2026 retailer pages used where available, otherwise estimated from category/brand positioning.";Speyburn 10 Year Old bottle pack product image
Speyburn 15 Year Old;Whisky - Single Malt Scotch;750ml;Scotland;;R1 164,00;TOPS;R1 224,00;R1 212,00;R1 164,00;R1 260,00;R1 200,00;https://www.google.com/search?tbm=isch&q=Speyburn+15+Year+Old+bottle+pack+product+image;https://www.google.com/search?q=Speyburn+15+Year+Old+South+Africa;"Representative SA market pricing; sampled March 2026 retailer pages used where available, otherwise estimated from category/brand positioning.";Speyburn 15 Year Old bottle pack product image
Tamdhu 12 Year Old;Whisky - Single Malt Scotch;750ml;Scotland;;R735,00;TOPS;R750,00;R765,00;R735,00;R787,50;R742,50;https://www.google.com/search?tbm=isch&q=Tamdhu+12+Year+Old+bottle+pack+product+image;https://www.google.com/search?q=Tamdhu+12+Year+Old+South+Africa;"Representative SA market pricing; sampled March 2026 retailer pages used where available, otherwise estimated from category/brand positioning.";Tamdhu 12 Year Old bottle pack product image
Tamdhu 15 Year Old;Whisky - Single Malt Scotch;750ml;Scotland;;R1 164,00;TOPS;R1 224,00;R1 212,00;R1 164,00;R1 260,00;R1 200,00;https://www.google.com/search?tbm=isch&q=Tamdhu+15+Year+Old+bottle+pack+product+image;https://www.google.com/search?q=Tamdhu+15+Year+Old+South+Africa;"Representative SA market pricing; sampled March 2026 retailer pages used where available, otherwise estimated from category/brand positioning.";Tamdhu 15 Year Old bottle pack product image
Tomatin Legacy;Whisky - Single Malt Scotch;750ml;Scotland;;R637,00;TOPS;R650,00;R663,00;R637,00;R682,50;R643,50;https://www.google.com/search?tbm=isch&q=Tomatin+Legacy+bottle+pack+product+image;https://www.google.com/search?q=Tomatin+Legacy+South+Africa;"Representative SA market pricing; sampled March 2026 retailer pages used where available, otherwise estimated from category/brand positioning.";Tomatin Legacy bottle pack product image
Tomatin 12 Year Old;Whisky - Single Malt Scotch;750ml;Scotland;;R735,00;TOPS;R750,00;R765,00;R735,00;R787,50;R742,50;https://www.google.com/search?tbm=isch&q=Tomatin+12+Year+Old+bottle+pack+product+image;https://www.google.com/search?q=Tomatin+12+Year+Old+South+Africa;"Representative SA market pricing; sampled March 2026 retailer pages used where available, otherwise estimated from category/brand positioning.";Tomatin 12 Year Old bottle pack product image
Tomatin 14 Year Old Port Cask;Whisky - Single Malt Scotch;750ml;Scotland;;R1 164,00;TOPS;R1 224,00;R1 212,00;R1 164,00;R1 260,00;R1 200,00;https://www.google.com/search?tbm=isch&q=Tomatin+14+Year+Old+Port+Cask+bottle+pack+product+image;https://www.google.com/search?q=Tomatin+14+Year+Old+Port+Cask+South+Africa;"Representative SA market pricing; sampled March 2026 retailer pages used where available, otherwise estimated from category/brand positioning.";Tomatin 14 Year Old Port Cask bottle pack product image
Tobermory 12 Year Old;Whisky - Single Malt Scotch;750ml;Scotland;;R735,00;TOPS;R750,00;R765,00;R735,00;R787,50;R742,50;https://www.google.com/search?tbm=isch&q=Tobermory+12+Year+Old+bottle+pack+product+image;https://www.google.com/search?q=Tobermory+12+Year+Old+South+Africa;"Representative SA market pricing; sampled March 2026 retailer pages used where available, otherwise estimated from category/brand positioning.";Tobermory 12 Year Old bottle pack product image
Deanston Virgin Oak;Whisky - Single Malt Scotch;750ml;Scotland;;R637,00;TOPS;R650,00;R663,00;R637,00;R682,50;R643,50;https://www.google.com/search?tbm=isch&q=Deanston+Virgin+Oak+bottle+pack+product+image;https://www.google.com/search?q=Deanston+Virgin+Oak+South+Africa;"Representative SA market pricing; sampled March 2026 retailer pages used where available, otherwise estimated from category/brand positioning.";Deanston Virgin Oak bottle pack product image
Deanston 12 Year Old;Whisky - Single Malt Scotch;750ml;Scotland;;R735,00;TOPS;R750,00;R765,00;R735,00;R787,50;R742,50;https://www.google.com/search?tbm=isch&q=Deanston+12+Year+Old+bottle+pack+product+image;https://www.google.com/search?q=Deanston+12+Year+Old+South+Africa;"Representative SA market pricing; sampled March 2026 retailer pages used where available, otherwise estimated from category/brand positioning.";Deanston 12 Year Old bottle pack product image
Nc'nean Organic Single Malt;Whisky - Single Malt Scotch;750ml;Scotland;;R637,00;TOPS;R650,00;R663,00;R637,00;R682,50;R643,50;https://www.google.com/search?tbm=isch&q=Nc%27nean+Organic+Single+Malt+bottle+pack+product+image;https://www.google.com/search?q=Nc%27nean+Organic+Single+Malt+South+Africa;"Representative SA market pricing; sampled March 2026 retailer pages used where available, otherwise estimated from category/brand positioning.";Nc'nean Organic Single Malt bottle pack product image
Loch Lomond 12 Year Old;Whisky - Single Malt Scotch;750ml;Scotland;;R735,00;TOPS;R750,00;R765,00;R735,00;R787,50;R742,50;https://www.google.com/search?tbm=isch&q=Loch+Lomond+12+Year+Old+bottle+pack+product+image;https://www.google.com/search?q=Loch+Lomond+12+Year+Old+South+Africa;"Representative SA market pricing; sampled March 2026 retailer pages used where available, otherwise estimated from category/brand positioning.";Loch Lomond 12 Year Old bottle pack product image
Arran 10 Year Old;Whisky - Single Malt Scotch;750ml;Scotland;;R735,00;TOPS;R750,00;R765,00;R735,00;R787,50;R742,50;https://www.google.com/search?tbm=isch&q=Arran+10+Year+Old+bottle+pack+product+image;https://www.google.com/search?q=Arran+10+Year+Old+South+Africa;"Representative SA market pricing; sampled March 2026 retailer pages used where available, otherwise estimated from category/brand positioning.";Arran 10 Year Old bottle pack product image
AnCnoc 12 Year Old;Whisky - Single Malt Scotch;750ml;Scotland;;R735,00;TOPS;R750,00;R765,00;R735,00;R787,50;R742,50;https://www.google.com/search?tbm=isch&q=AnCnoc+12+Year+Old+bottle+pack+product+image;https://www.google.com/search?q=AnCnoc+12+Year+Old+South+Africa;"Representative SA market pricing; sampled March 2026 retailer pages used where available, otherwise estimated from category/brand positioning.";AnCnoc 12 Year Old bottle pack product image
Aultmore 12 Year Old;Whisky - Single Malt Scotch;750ml;Scotland;;R735,00;TOPS;R750,00;R765,00;R735,00;R787,50;R742,50;https://www.google.com/search?tbm=isch&q=Aultmore+12+Year+Old+bottle+pack+product+image;https://www.google.com/search?q=Aultmore+12+Year+Old+South+Africa;"Representative SA market pricing; sampled March 2026 retailer pages used where available, otherwise estimated from category/brand positioning.";Aultmore 12 Year Old bottle pack product image
Edradour 10 Year Old;Whisky - Single Malt Scotch;750ml;Scotland;;R735,00;TOPS;R750,00;R765,00;R735,00;R787,50;R742,50;https://www.google.com/search?tbm=isch&q=Edradour+10+Year+Old+bottle+pack+product+image;https://www.google.com/search?q=Edradour+10+Year+Old+South+Africa;"Representative SA market pricing; sampled March 2026 retailer pages used where available, otherwise estimated from category/brand positioning.";Edradour 10 Year Old bottle pack product image
GlenAllachie 12 Year Old;Whisky - Single Malt Scotch;750ml;Scotland;;R735,00;TOPS;R750,00;R765,00;R735,00;R787,50;R742,50;https://www.google.com/search?tbm=isch&q=GlenAllachie+12+Year+Old+bottle+pack+product+image;https://www.google.com/search?q=GlenAllachie+12+Year+Old+South+Africa;"Representative SA market pricing; sampled March 2026 retailer pages used where available, otherwise estimated from category/brand positioning.";GlenAllachie 12 Year Old bottle pack product image
GlenAllachie 15 Year Old;Whisky - Single Malt Scotch;750ml;Scotland;;R1 164,00;TOPS;R1 224,00;R1 212,00;R1 164,00;R1 260,00;R1 200,00;https://www.google.com/search?tbm=isch&q=GlenAllachie+15+Year+Old+bottle+pack+product+image;https://www.google.com/search?q=GlenAllachie+15+Year+Old+South+Africa;"Representative SA market pricing; sampled March 2026 retailer pages used where available, otherwise estimated from category/brand positioning.";GlenAllachie 15 Year Old bottle pack product image
Bladnoch Vinaya;Whisky - Single Malt Scotch;750ml;Scotland;;R637,00;TOPS;R650,00;R663,00;R637,00;R682,50;R643,50;https://www.google.com/search?tbm=isch&q=Bladnoch+Vinaya+bottle+pack+product+image;https://www.google.com/search?q=Bladnoch+Vinaya+South+Africa;"Representative SA market pricing; sampled March 2026 retailer pages used where available, otherwise estimated from category/brand positioning.";Bladnoch Vinaya bottle pack product image
Ben Nevis 10 Year Old;Whisky - Single Malt Scotch;750ml;Scotland;;R735,00;TOPS;R750,00;R765,00;R735,00;R787,50;R742,50;https://www.google.com/search?tbm=isch&q=Ben+Nevis+10+Year+Old+bottle+pack+product+image;https://www.google.com/search?q=Ben+Nevis+10+Year+Old+South+Africa;"Representative SA market pricing; sampled March 2026 retailer pages used where available, otherwise estimated from category/brand positioning.";Ben Nevis 10 Year Old bottle pack product image
Longmorn 16 Year Old;Whisky - Single Malt Scotch;750ml;Scotland;;R1 164,00;TOPS;R1 224,00;R1 212,00;R1 164,00;R1 260,00;R1 200,00;https://www.google.com/search?tbm=isch&q=Longmorn+16+Year+Old+bottle+pack+product+image;https://www.google.com/search?q=Longmorn+16+Year+Old+South+Africa;"Representative SA market pricing; sampled March 2026 retailer pages used where available, otherwise estimated from category/brand positioning.";Longmorn 16 Year Old bottle pack product image
Linkwood 12 Year Old;Whisky - Single Malt Scotch;750ml;Scotland;;R735,00;TOPS;R750,00;R765,00;R735,00;R787,50;R742,50;https://www.google.com/search?tbm=isch&q=Linkwood+12+Year+Old+bottle+pack+product+image;https://www.google.com/search?q=Linkwood+12+Year+Old+South+Africa;"Representative SA market pricing; sampled March 2026 retailer pages used where available, otherwise estimated from category/brand positioning.";Linkwood 12 Year Old bottle pack product image
Clynelish 14 Year Old;Whisky - Single Malt Scotch;750ml;Scotland;;R1 164,00;TOPS;R1 224,00;R1 212,00;R1 164,00;R1 260,00;R1 200,00;https://www.google.com/search?tbm=isch&q=Clynelish+14+Year+Old+bottle+pack+product+image;https://www.google.com/search?q=Clynelish+14+Year+Old+South+Africa;"Representative SA market pricing; sampled March 2026 retailer pages used where available, otherwise estimated from category/brand positioning.";Clynelish 14 Year Old bottle pack product image
Jameson Original;Whisky - Irish;750ml;Ireland;;R369,99;Woolworths;R419,99;R419,99;R409,99;R369,99;R409,00;https://www.google.com/search?tbm=isch&q=Jameson+Original+bottle+pack+product+image;https://www.google.com/search?q=Jameson+Original+South+Africa;"Representative SA market pricing; sampled March 2026 retailer pages used where available, otherwise estimated from category/brand positioning.";Jameson Original bottle pack product image
Jameson Black Barrel;Whisky - Irish;750ml;Ireland;;R1 164,00;TOPS;R1 224,00;R1 212,00;R1 164,00;R1 260,00;R1 200,00;https://www.google.com/search?tbm=isch&q=Jameson+Black+Barrel+bottle+pack+product+image;https://www.google.com/search?q=Jameson+Black+Barrel+South+Africa;"Representative SA market pricing; sampled March 2026 retailer pages used where available, otherwise estimated from category/brand positioning.";Jameson Black Barrel bottle pack product image
Jameson Crested;Whisky - Irish;750ml;Ireland;;R441,00;TOPS;R450,00;R459,00;R441,00;R472,50;R445,50;https://www.google.com/search?tbm=isch&q=Jameson+Crested+bottle+pack+product+image;https://www.google.com/search?q=Jameson+Crested+South+Africa;"Representative SA market pricing; sampled March 2026 retailer pages used where available, otherwise estimated from category/brand positioning.";Jameson Crested bottle pack product image
Jameson Caskmates Stout Edition;Whisky - Irish;750ml;Ireland;;R441,00;TOPS;R450,00;R459,00;R441,00;R472,50;R445,50;https://www.google.com/search?tbm=isch&q=Jameson+Caskmates+Stout+Edition+bottle+pack+product+image;https://www.google.com/search?q=Jameson+Caskmates+Stout+Edition+South+Africa;"Representative SA market pricing; sampled March 2026 retailer pages used where available, otherwise estimated from category/brand positioning.";Jameson Caskmates Stout Edition bottle pack product image
Jameson Caskmates IPA Edition;Whisky - Irish;750ml;Ireland;;R441,00;TOPS;R450,00;R459,00;R441,00;R472,50;R445,50;https://www.google.com/search?tbm=isch&q=Jameson+Caskmates+IPA+Edition+bottle+pack+product+image;https://www.google.com/search?q=Jameson+Caskmates+IPA+Edition+South+Africa;"Representative SA market pricing; sampled March 2026 retailer pages used where available, otherwise estimated from category/brand positioning.";Jameson Caskmates IPA Edition bottle pack product image
Redbreast 12 Year Old;Whisky - Irish;750ml;Ireland;;R735,00;TOPS;R750,00;R765,00;R735,00;R787,50;R742,50;https://www.google.com/search?tbm=isch&q=Redbreast+12+Year+Old+bottle+pack+product+image;https://www.google.com/search?q=Redbreast+12+Year+Old+South+Africa;"Representative SA market pricing; sampled March 2026 retailer pages used where available, otherwise estimated from category/brand positioning.";Redbreast 12 Year Old bottle pack product image
Redbreast Lustau Edition;Whisky - Irish;750ml;Ireland;;R637,00;TOPS;R650,00;R663,00;R637,00;R682,50;R643,50;https://www.google.com/search?tbm=isch&q=Redbreast+Lustau+Edition+bottle+pack+product+image;https://www.google.com/search?q=Redbreast+Lustau+Edition+South+Africa;"Representative SA market pricing; sampled March 2026 retailer pages used where available, otherwise estimated from category/brand positioning.";Redbreast Lustau Edition bottle pack product image
Redbreast 15 Year Old;Whisky - Irish;750ml;Ireland;;R1 164,00;TOPS;R1 224,00;R1 212,00;R1 164,00;R1 260,00;R1 200,00;https://www.google.com/search?tbm=isch&q=Redbreast+15+Year+Old+bottle+pack+product+image;https://www.google.com/search?q=Redbreast+15+Year+Old+South+Africa;"Representative SA market pricing; sampled March 2026 retailer pages used where available, otherwise estimated from category/brand positioning.";Redbreast 15 Year Old bottle pack product image
Green Spot;Whisky - Irish;750ml;Ireland;;R735,00;TOPS;R750,00;R765,00;R735,00;R787,50;R742,50;https://www.google.com/search?tbm=isch&q=Green+Spot+bottle+pack+product+image;https://www.google.com/search?q=Green+Spot+South+Africa;"Representative SA market pricing; sampled March 2026 retailer pages used where available, otherwise estimated from category/brand positioning.";Green Spot bottle pack product image
Yellow Spot 12 Year Old;Whisky - Irish;750ml;Ireland;;R1 164,00;TOPS;R1 224,00;R1 212,00;R1 164,00;R1 260,00;R1 200,00;https://www.google.com/search?tbm=isch&q=Yellow+Spot+12+Year+Old+bottle+pack+product+image;https://www.google.com/search?q=Yellow+Spot+12+Year+Old+South+Africa;"Representative SA market pricing; sampled March 2026 retailer pages used where available, otherwise estimated from category/brand positioning.";Yellow Spot 12 Year Old bottle pack product image
Teeling Small Batch;Whisky - Irish;750ml;Ireland;;R735,00;TOPS;R750,00;R765,00;R735,00;R787,50;R742,50;https://www.google.com/search?tbm=isch&q=Teeling+Small+Batch+bottle+pack+product+image;https://www.google.com/search?q=Teeling+Small+Batch+South+Africa;"Representative SA market pricing; sampled March 2026 retailer pages used where available, otherwise estimated from category/brand positioning.";Teeling Small Batch bottle pack product image
Teeling Single Malt;Whisky - Irish;750ml;Ireland;;R735,00;TOPS;R750,00;R765,00;R735,00;R787,50;R742,50;https://www.google.com/search?tbm=isch&q=Teeling+Single+Malt+bottle+pack+product+image;https://www.google.com/search?q=Teeling+Single+Malt+South+Africa;"Representative SA market pricing; sampled March 2026 retailer pages used where available, otherwise estimated from category/brand positioning.";Teeling Single Malt bottle pack product image
Teeling Single Grain;Whisky - Irish;750ml;Ireland;;R735,00;TOPS;R750,00;R765,00;R735,00;R787,50;R742,50;https://www.google.com/search?tbm=isch&q=Teeling+Single+Grain+bottle+pack+product+image;https://www.google.com/search?q=Teeling+Single+Grain+South+Africa;"Representative SA market pricing; sampled March 2026 retailer pages used where available, otherwise estimated from category/brand positioning.";Teeling Single Grain bottle pack product image
Bushmills Original;Whisky - Irish;750ml;Ireland;;R313,60;TOPS;R320,00;R326,40;R313,60;R336,00;R316,80;https://www.google.com/search?tbm=isch&q=Bushmills+Original+bottle+pack+product+image;https://www.google.com/search?q=Bushmills+Original+South+Africa;"Representative SA market pricing; sampled March 2026 retailer pages used where available, otherwise estimated from category/brand positioning.";Bushmills Original bottle pack product image
Bushmills Black Bush;Whisky - Irish;750ml;Ireland;;R441,00;TOPS;R450,00;R459,00;R441,00;R472,50;R445,50;https://www.google.com/search?tbm=isch&q=Bushmills+Black+Bush+bottle+pack+product+image;https://www.google.com/search?q=Bushmills+Black+Bush+South+Africa;"Representative SA market pricing; sampled March 2026 retailer pages used where available, otherwise estimated from category/brand positioning.";Bushmills Black Bush bottle pack product image
Bushmills 10 Year Old Single Malt;Whisky - Irish;750ml;Ireland;;R735,00;TOPS;R750,00;R765,00;R735,00;R787,50;R742,50;https://www.google.com/search?tbm=isch&q=Bushmills+10+Year+Old+Single+Malt+bottle+pack+product+image;https://www.google.com/search?q=Bushmills+10+Year+Old+Single+Malt+South+Africa;"Representative SA market pricing; sampled March 2026 retailer pages used where available, otherwise estimated from category/brand positioning.";Bushmills 10 Year Old Single Malt bottle pack product image
Bushmills 16 Year Old;Whisky - Irish;750ml;Ireland;;R1 164,00;TOPS;R1 224,00;R1 212,00;R1 164,00;R1 260,00;R1 200,00;https://www.google.com/search?tbm=isch&q=Bushmills+16+Year+Old+bottle+pack+product+image;https://www.google.com/search?q=Bushmills+16+Year+Old+South+Africa;"Representative SA market pricing; sampled March 2026 retailer pages used where available, otherwise estimated from category/brand positioning.";Bushmills 16 Year Old bottle pack product image
Tullamore D.E.W. Original;Whisky - Irish;750ml;Ireland;;R313,60;TOPS;R320,00;R326,40;R313,60;R336,00;R316,80;https://www.google.com/search?tbm=isch&q=Tullamore+D.E.W.+Original+bottle+pack+product+image;https://www.google.com/search?q=Tullamore+D.E.W.+Original+South+Africa;"Representative SA market pricing; sampled March 2026 retailer pages used where available, otherwise estimated from category/brand positioning.";Tullamore D.E.W. Original bottle pack product image
Tullamore D.E.W. 12 Year Old;Whisky - Irish;750ml;Ireland;;R735,00;TOPS;R750,00;R765,00;R735,00;R787,50;R742,50;https://www.google.com/search?tbm=isch&q=Tullamore+D.E.W.+12+Year+Old+bottle+pack+product+image;https://www.google.com/search?q=Tullamore+D.E.W.+12+Year+Old+South+Africa;"Representative SA market pricing; sampled March 2026 retailer pages used where available, otherwise estimated from category/brand positioning.";Tullamore D.E.W. 12 Year Old bottle pack product image
Writers' Tears Copper Pot;Whisky - Irish;750ml;Ireland;;R735,00;TOPS;R750,00;R765,00;R735,00;R787,50;R742,50;https://www.google.com/search?tbm=isch&q=Writers%27+Tears+Copper+Pot+bottle+pack+product+image;https://www.google.com/search?q=Writers%27+Tears+Copper+Pot+South+Africa;"Representative SA market pricing; sampled March 2026 retailer pages used where available, otherwise estimated from category/brand positioning.";Writers' Tears Copper Pot bottle pack product image
Powers Gold Label;Whisky - Irish;750ml;Ireland;;R1 164,00;TOPS;R1 224,00;R1 212,00;R1 164,00;R1 260,00;R1 200,00;https://www.google.com/search?tbm=isch&q=Powers+Gold+Label+bottle+pack+product+image;https://www.google.com/search?q=Powers+Gold+Label+South+Africa;"Representative SA market pricing; sampled March 2026 retailer pages used where available, otherwise estimated from category/brand positioning.";Powers Gold Label bottle pack product image
Connemara Original;Whisky - Irish;750ml;Ireland;;R637,00;TOPS;R650,00;R663,00;R637,00;R682,50;R643,50;https://www.google.com/search?tbm=isch&q=Connemara+Original+bottle+pack+product+image;https://www.google.com/search?q=Connemara+Original+South+Africa;"Representative SA market pricing; sampled March 2026 retailer pages used where available, otherwise estimated from category/brand positioning.";Connemara Original bottle pack product image
Midleton Very Rare;Whisky - Irish;750ml;Ireland;;R3 104,00;TOPS;R3 264,00;R3 232,00;R3 104,00;R3 296,00;R3 200,00;https://www.google.com/search?tbm=isch&q=Midleton+Very+Rare+bottle+pack+product+image;https://www.google.com/search?q=Midleton+Very+Rare+South+Africa;"Representative SA market pricing; sampled March 2026 retailer pages used where available, otherwise estimated from category/brand positioning.";Midleton Very Rare bottle pack product image
The Sexton Single Malt;Whisky - Irish;750ml;Ireland;;R637,00;TOPS;R650,00;R663,00;R637,00;R682,50;R643,50;https://www.google.com/search?tbm=isch&q=The+Sexton+Single+Malt+bottle+pack+product+image;https://www.google.com/search?q=The+Sexton+Single+Malt+South+Africa;"Representative SA market pricing; sampled March 2026 retailer pages used where available, otherwise estimated from category/brand positioning.";The Sexton Single Malt bottle pack product image
The Irishman Founder's Reserve;Whisky - Irish;750ml;Ireland;;R735,00;TOPS;R750,00;R765,00;R735,00;R787,50;R742,50;https://www.google.com/search?tbm=isch&q=The+Irishman+Founder%27s+Reserve+bottle+pack+product+image;https://www.google.com/search?q=The+Irishman+Founder%27s+Reserve+South+Africa;"Representative SA market pricing; sampled March 2026 retailer pages used where available, otherwise estimated from category/brand positioning.";The Irishman Founder's Reserve bottle pack product image
Jack Daniel's Old No. 7;Whisky - Bourbon & American;750ml;USA;;R313,60;TOPS;R320,00;R326,40;R313,60;R336,00;R316,80;https://www.google.com/search?tbm=isch&q=Jack+Daniel%27s+Old+No.+7+bottle+pack+product+image;https://www.google.com/search?q=Jack+Daniel%27s+Old+No.+7+South+Africa;"Representative SA market pricing; sampled March 2026 retailer pages used where available, otherwise estimated from category/brand positioning.";Jack Daniel's Old No. 7 bottle pack product image
Jack Daniel's Gentleman Jack;Whisky - Bourbon & American;750ml;USA;;R735,00;TOPS;R750,00;R765,00;R735,00;R787,50;R742,50;https://www.google.com/search?tbm=isch&q=Jack+Daniel%27s+Gentleman+Jack+bottle+pack+product+image;https://www.google.com/search?q=Jack+Daniel%27s+Gentleman+Jack+South+Africa;"Representative SA market pricing; sampled March 2026 retailer pages used where available, otherwise estimated from category/brand positioning.";Jack Daniel's Gentleman Jack bottle pack product image
Jack Daniel's Single Barrel Select;Whisky - Bourbon & American;750ml;USA;;R1 164,00;TOPS;R1 224,00;R1 212,00;R1 164,00;R1 260,00;R1 200,00;https://www.google.com/search?tbm=isch&q=Jack+Daniel%27s+Single+Barrel+Select+bottle+pack+product+image;https://www.google.com/search?q=Jack+Daniel%27s+Single+Barrel+Select+South+Africa;"Representative SA market pricing; sampled March 2026 retailer pages used where available, otherwise estimated from category/brand positioning.";Jack Daniel's Single Barrel Select bottle pack product image
Jack Daniel's Sinatra Select;Whisky - Bourbon & American;750ml;USA;;R3 104,00;TOPS;R3 264,00;R3 232,00;R3 104,00;R3 296,00;R3 200,00;https://www.google.com/search?tbm=isch&q=Jack+Daniel%27s+Sinatra+Select+bottle+pack+product+image;https://www.google.com/search?q=Jack+Daniel%27s+Sinatra+Select+South+Africa;"Representative SA market pricing; sampled March 2026 retailer pages used where available, otherwise estimated from category/brand positioning.";Jack Daniel's Sinatra Select bottle pack product image
Woodford Reserve Distiller's Select;Whisky - Bourbon & American;750ml;USA;;R735,00;TOPS;R750,00;R765,00;R735,00;R787,50;R742,50;https://www.google.com/search?tbm=isch&q=Woodford+Reserve+Distiller%27s+Select+bottle+pack+product+image;https://www.google.com/search?q=Woodford+Reserve+Distiller%27s+Select+South+Africa;"Representative SA market pricing; sampled March 2026 retailer pages used where available, otherwise estimated from category/brand positioning.";Woodford Reserve Distiller's Select bottle pack product image
Woodford Reserve Double Oaked;Whisky - Bourbon & American;750ml;USA;;R1 164,00;TOPS;R1 224,00;R1 212,00;R1 164,00;R1 260,00;R1 200,00;https://www.google.com/search?tbm=isch&q=Woodford+Reserve+Double+Oaked+bottle+pack+product+image;https://www.google.com/search?q=Woodford+Reserve+Double+Oaked+South+Africa;"Representative SA market pricing; sampled March 2026 retailer pages used where available, otherwise estimated from category/brand positioning.";Woodford Reserve Double Oaked bottle pack product image
Maker's Mark;Whisky - Bourbon & American;750ml;USA;;R441,00;TOPS;R450,00;R459,00;R441,00;R472,50;R445,50;https://www.google.com/search?tbm=isch&q=Maker%27s+Mark+bottle+pack+product+image;https://www.google.com/search?q=Maker%27s+Mark+South+Africa;"Representative SA market pricing; sampled March 2026 retailer pages used where available, otherwise estimated from category/brand positioning.";Maker's Mark bottle pack product image
Maker's 46;Whisky - Bourbon & American;750ml;USA;;R1 164,00;TOPS;R1 224,00;R1 212,00;R1 164,00;R1 260,00;R1 200,00;https://www.google.com/search?tbm=isch&q=Maker%27s+46+bottle+pack+product+image;https://www.google.com/search?q=Maker%27s+46+South+Africa;"Representative SA market pricing; sampled March 2026 retailer pages used where available, otherwise estimated from category/brand positioning.";Maker's 46 bottle pack product image
Buffalo Trace;Whisky - Bourbon & American;750ml;USA;;R735,00;TOPS;R750,00;R765,00;R735,00;R787,50;R742,50;https://www.google.com/search?tbm=isch&q=Buffalo+Trace+bottle+pack+product+image;https://www.google.com/search?q=Buffalo+Trace+South+Africa;"Representative SA market pricing; sampled March 2026 retailer pages used where available, otherwise estimated from category/brand positioning.";Buffalo Trace bottle pack product image
Blanton's Original Single Barrel;Whisky - Bourbon & American;750ml;USA;;R1 164,00;TOPS;R1 224,00;R1 212,00;R1 164,00;R1 260,00;R1 200,00;https://www.google.com/search?tbm=isch&q=Blanton%27s+Original+Single+Barrel+bottle+pack+product+image;https://www.google.com/search?q=Blanton%27s+Original+Single+Barrel+South+Africa;"Representative SA market pricing; sampled March 2026 retailer pages used where available, otherwise estimated from category/brand positioning.";Blanton's Original Single Barrel bottle pack product image
Eagle Rare 10 Year Old;Whisky - Bourbon & American;750ml;USA;;R735,00;TOPS;R750,00;R765,00;R735,00;R787,50;R742,50;https://www.google.com/search?tbm=isch&q=Eagle+Rare+10+Year+Old+bottle+pack+product+image;https://www.google.com/search?q=Eagle+Rare+10+Year+Old+South+Africa;"Representative SA market pricing; sampled March 2026 retailer pages used where available, otherwise estimated from category/brand positioning.";Eagle Rare 10 Year Old bottle pack product image
Elijah Craig Small Batch;Whisky - Bourbon & American;750ml;USA;;R735,00;TOPS;R750,00;R765,00;R735,00;R787,50;R742,50;https://www.google.com/search?tbm=isch&q=Elijah+Craig+Small+Batch+bottle+pack+product+image;https://www.google.com/search?q=Elijah+Craig+Small+Batch+South+Africa;"Representative SA market pricing; sampled March 2026 retailer pages used where available, otherwise estimated from category/brand positioning.";Elijah Craig Small Batch bottle pack product image
Elijah Craig Barrel Proof;Whisky - Bourbon & American;750ml;USA;;R637,00;TOPS;R650,00;R663,00;R637,00;R682,50;R643,50;https://www.google.com/search?tbm=isch&q=Elijah+Craig+Barrel+Proof+bottle+pack+product+image;https://www.google.com/search?q=Elijah+Craig+Barrel+Proof+South+Africa;"Representative SA market pricing; sampled March 2026 retailer pages used where available, otherwise estimated from category/brand positioning.";Elijah Craig Barrel Proof bottle pack product image
Bulleit Bourbon;Whisky - Bourbon & American;750ml;USA;;R441,00;TOPS;R450,00;R459,00;R441,00;R472,50;R445,50;https://www.google.com/search?tbm=isch&q=Bulleit+Bourbon+bottle+pack+product+image;https://www.google.com/search?q=Bulleit+Bourbon+South+Africa;"Representative SA market pricing; sampled March 2026 retailer pages used where available, otherwise estimated from category/brand positioning.";Bulleit Bourbon bottle pack product image
Bulleit Rye;Whisky - Bourbon & American;750ml;USA;;R441,00;TOPS;R450,00;R459,00;R441,00;R472,50;R445,50;https://www.google.com/search?tbm=isch&q=Bulleit+Rye+bottle+pack+product+image;https://www.google.com/search?q=Bulleit+Rye+South+Africa;"Representative SA market pricing; sampled March 2026 retailer pages used where available, otherwise estimated from category/brand positioning.";Bulleit Rye bottle pack product image
Knob Creek 9 Year Old;Whisky - Bourbon & American;750ml;USA;;R637,00;TOPS;R650,00;R663,00;R637,00;R682,50;R643,50;https://www.google.com/search?tbm=isch&q=Knob+Creek+9+Year+Old+bottle+pack+product+image;https://www.google.com/search?q=Knob+Creek+9+Year+Old+South+Africa;"Representative SA market pricing; sampled March 2026 retailer pages used where available, otherwise estimated from category/brand positioning.";Knob Creek 9 Year Old bottle pack product image
Knob Creek Rye;Whisky - Bourbon & American;750ml;USA;;R637,00;TOPS;R650,00;R663,00;R637,00;R682,50;R643,50;https://www.google.com/search?tbm=isch&q=Knob+Creek+Rye+bottle+pack+product+image;https://www.google.com/search?q=Knob+Creek+Rye+South+Africa;"Representative SA market pricing; sampled March 2026 retailer pages used where available, otherwise estimated from category/brand positioning.";Knob Creek Rye bottle pack product image
Wild Turkey 81;Whisky - Bourbon & American;750ml;USA;;R313,60;TOPS;R320,00;R326,40;R313,60;R336,00;R316,80;https://www.google.com/search?tbm=isch&q=Wild+Turkey+81+bottle+pack+product+image;https://www.google.com/search?q=Wild+Turkey+81+South+Africa;"Representative SA market pricing; sampled March 2026 retailer pages used where available, otherwise estimated from category/brand positioning.";Wild Turkey 81 bottle pack product image
Wild Turkey 101;Whisky - Bourbon & American;750ml;USA;;R441,00;TOPS;R450,00;R459,00;R441,00;R472,50;R445,50;https://www.google.com/search?tbm=isch&q=Wild+Turkey+101+bottle+pack+product+image;https://www.google.com/search?q=Wild+Turkey+101+South+Africa;"Representative SA market pricing; sampled March 2026 retailer pages used where available, otherwise estimated from category/brand positioning.";Wild Turkey 101 bottle pack product image
Wild Turkey Rare Breed;Whisky - Bourbon & American;750ml;USA;;R441,00;TOPS;R450,00;R459,00;R441,00;R472,50;R445,50;https://www.google.com/search?tbm=isch&q=Wild+Turkey+Rare+Breed+bottle+pack+product+image;https://www.google.com/search?q=Wild+Turkey+Rare+Breed+South+Africa;"Representative SA market pricing; sampled March 2026 retailer pages used where available, otherwise estimated from category/brand positioning.";Wild Turkey Rare Breed bottle pack product image
Four Roses Small Batch;Whisky - Bourbon & American;750ml;USA;;R735,00;TOPS;R750,00;R765,00;R735,00;R787,50;R742,50;https://www.google.com/search?tbm=isch&q=Four+Roses+Small+Batch+bottle+pack+product+image;https://www.google.com/search?q=Four+Roses+Small+Batch+South+Africa;"Representative SA market pricing; sampled March 2026 retailer pages used where available, otherwise estimated from category/brand positioning.";Four Roses Small Batch bottle pack product image
Four Roses Single Barrel;Whisky - Bourbon & American;750ml;USA;;R1 164,00;TOPS;R1 224,00;R1 212,00;R1 164,00;R1 260,00;R1 200,00;https://www.google.com/search?tbm=isch&q=Four+Roses+Single+Barrel+bottle+pack+product+image;https://www.google.com/search?q=Four+Roses+Single+Barrel+South+Africa;"Representative SA market pricing; sampled March 2026 retailer pages used where available, otherwise estimated from category/brand positioning.";Four Roses Single Barrel bottle pack product image
Jim Beam White Label;Whisky - Bourbon & American;750ml;USA;;R313,60;TOPS;R320,00;R326,40;R313,60;R336,00;R316,80;https://www.google.com/search?tbm=isch&q=Jim+Beam+White+Label+bottle+pack+product+image;https://www.google.com/search?q=Jim+Beam+White+Label+South+Africa;"Representative SA market pricing; sampled March 2026 retailer pages used where available, otherwise estimated from category/brand positioning.";Jim Beam White Label bottle pack product image
Jim Beam Black;Whisky - Bourbon & American;750ml;USA;;R441,00;TOPS;R450,00;R459,00;R441,00;R472,50;R445,50;https://www.google.com/search?tbm=isch&q=Jim+Beam+Black+bottle+pack+product+image;https://www.google.com/search?q=Jim+Beam+Black+South+Africa;"Representative SA market pricing; sampled March 2026 retailer pages used where available, otherwise estimated from category/brand positioning.";Jim Beam Black bottle pack product image
Booker's Bourbon;Whisky - Bourbon & American;750ml;USA;;R637,00;TOPS;R650,00;R663,00;R637,00;R682,50;R643,50;https://www.google.com/search?tbm=isch&q=Booker%27s+Bourbon+bottle+pack+product+image;https://www.google.com/search?q=Booker%27s+Bourbon+South+Africa;"Representative SA market pricing; sampled March 2026 retailer pages used where available, otherwise estimated from category/brand positioning.";Booker's Bourbon bottle pack product image
Basil Hayden's;Whisky - Bourbon & American;750ml;USA;;R735,00;TOPS;R750,00;R765,00;R735,00;R787,50;R742,50;https://www.google.com/search?tbm=isch&q=Basil+Hayden%27s+bottle+pack+product+image;https://www.google.com/search?q=Basil+Hayden%27s+South+Africa;"Representative SA market pricing; sampled March 2026 retailer pages used where available, otherwise estimated from category/brand positioning.";Basil Hayden's bottle pack product image
Angel's Envy Bourbon;Whisky - Bourbon & American;750ml;USA;;R637,00;TOPS;R650,00;R663,00;R637,00;R682,50;R643,50;https://www.google.com/search?tbm=isch&q=Angel%27s+Envy+Bourbon+bottle+pack+product+image;https://www.google.com/search?q=Angel%27s+Envy+Bourbon+South+Africa;"Representative SA market pricing; sampled March 2026 retailer pages used where available, otherwise estimated from category/brand positioning.";Angel's Envy Bourbon bottle pack product image
Angel's Envy Rye;Whisky - Bourbon & American;750ml;USA;;R637,00;TOPS;R650,00;R663,00;R637,00;R682,50;R643,50;https://www.google.com/search?tbm=isch&q=Angel%27s+Envy+Rye+bottle+pack+product+image;https://www.google.com/search?q=Angel%27s+Envy+Rye+South+Africa;"Representative SA market pricing; sampled March 2026 retailer pages used where available, otherwise estimated from category/brand positioning.";Angel's Envy Rye bottle pack product image
Old Forester 86;Whisky - Bourbon & American;750ml;USA;;R637,00;TOPS;R650,00;R663,00;R637,00;R682,50;R643,50;https://www.google.com/search?tbm=isch&q=Old+Forester+86+bottle+pack+product+image;https://www.google.com/search?q=Old+Forester+86+South+Africa;"Representative SA market pricing; sampled March 2026 retailer pages used where available, otherwise estimated from category/brand positioning.";Old Forester 86 bottle pack product image
Old Forester 1910;Whisky - Bourbon & American;750ml;USA;;R637,00;TOPS;R650,00;R663,00;R637,00;R682,50;R643,50;https://www.google.com/search?tbm=isch&q=Old+Forester+1910+bottle+pack+product+image;https://www.google.com/search?q=Old+Forester+1910+South+Africa;"Representative SA market pricing; sampled March 2026 retailer pages used where available, otherwise estimated from category/brand positioning.";Old Forester 1910 bottle pack product image
Old Forester 1920;Whisky - Bourbon & American;750ml;USA;;R637,00;TOPS;R650,00;R663,00;R637,00;R682,50;R643,50;https://www.google.com/search?tbm=isch&q=Old+Forester+1920+bottle+pack+product+image;https://www.google.com/search?q=Old+Forester+1920+South+Africa;"Representative SA market pricing; sampled March 2026 retailer pages used where available, otherwise estimated from category/brand positioning.";Old Forester 1920 bottle pack product image
Sazerac Rye;Whisky - Bourbon & American;750ml;USA;;R637,00;TOPS;R650,00;R663,00;R637,00;R682,50;R643,50;https://www.google.com/search?tbm=isch&q=Sazerac+Rye+bottle+pack+product+image;https://www.google.com/search?q=Sazerac+Rye+South+Africa;"Representative SA market pricing; sampled March 2026 retailer pages used where available, otherwise estimated from category/brand positioning.";Sazerac Rye bottle pack product image
WhistlePig 10 Year Rye;Whisky - Bourbon & American;750ml;USA;;R735,00;TOPS;R750,00;R765,00;R735,00;R787,50;R742,50;https://www.google.com/search?tbm=isch&q=WhistlePig+10+Year+Rye+bottle+pack+product+image;https://www.google.com/search?q=WhistlePig+10+Year+Rye+South+Africa;"Representative SA market pricing; sampled March 2026 retailer pages used where available, otherwise estimated from category/brand positioning.";WhistlePig 10 Year Rye bottle pack product image
Michter's US*1 Bourbon;Whisky - Bourbon & American;750ml;USA;;R735,00;TOPS;R750,00;R765,00;R735,00;R787,50;R742,50;https://www.google.com/search?tbm=isch&q=Michter%27s+US%2A1+Bourbon+bottle+pack+product+image;https://www.google.com/search?q=Michter%27s+US%2A1+Bourbon+South+Africa;"Representative SA market pricing; sampled March 2026 retailer pages used where available, otherwise estimated from category/brand positioning.";Michter's US*1 Bourbon bottle pack product image
Michter's US*1 Rye;Whisky - Bourbon & American;750ml;USA;;R735,00;TOPS;R750,00;R765,00;R735,00;R787,50;R742,50;https://www.google.com/search?tbm=isch&q=Michter%27s+US%2A1+Rye+bottle+pack+product+image;https://www.google.com/search?q=Michter%27s+US%2A1+Rye+South+Africa;"Representative SA market pricing; sampled March 2026 retailer pages used where available, otherwise estimated from category/brand positioning.";Michter's US*1 Rye bottle pack product image
Rittenhouse Rye;Whisky - Bourbon & American;750ml;USA;;R637,00;TOPS;R650,00;R663,00;R637,00;R682,50;R643,50;https://www.google.com/search?tbm=isch&q=Rittenhouse+Rye+bottle+pack+product+image;https://www.google.com/search?q=Rittenhouse+Rye+South+Africa;"Representative SA market pricing; sampled March 2026 retailer pages used where available, otherwise estimated from category/brand positioning.";Rittenhouse Rye bottle pack product image
George Dickel No. 12;Whisky - Bourbon & American;750ml;USA;;R637,00;TOPS;R650,00;R663,00;R637,00;R682,50;R643,50;https://www.google.com/search?tbm=isch&q=George+Dickel+No.+12+bottle+pack+product+image;https://www.google.com/search?q=George+Dickel+No.+12+South+Africa;"Representative SA market pricing; sampled March 2026 retailer pages used where available, otherwise estimated from category/brand positioning.";George Dickel No. 12 bottle pack product image
Russell's Reserve 10 Year;Whisky - Bourbon & American;750ml;USA;;R735,00;TOPS;R750,00;R765,00;R735,00;R787,50;R742,50;https://www.google.com/search?tbm=isch&q=Russell%27s+Reserve+10+Year+bottle+pack+product+image;https://www.google.com/search?q=Russell%27s+Reserve+10+Year+South+Africa;"Representative SA market pricing; sampled March 2026 retailer pages used where available, otherwise estimated from category/brand positioning.";Russell's Reserve 10 Year bottle pack product image
High West Double Rye;Whisky - Bourbon & American;750ml;USA;;R637,00;TOPS;R650,00;R663,00;R637,00;R682,50;R643,50;https://www.google.com/search?tbm=isch&q=High+West+Double+Rye+bottle+pack+product+image;https://www.google.com/search?q=High+West+Double+Rye+South+Africa;"Representative SA market pricing; sampled March 2026 retailer pages used where available, otherwise estimated from category/brand positioning.";High West Double Rye bottle pack product image
High West Bourbon;Whisky - Bourbon & American;750ml;USA;;R637,00;TOPS;R650,00;R663,00;R637,00;R682,50;R643,50;https://www.google.com/search?tbm=isch&q=High+West+Bourbon+bottle+pack+product+image;https://www.google.com/search?q=High+West+Bourbon+South+Africa;"Representative SA market pricing; sampled March 2026 retailer pages used where available, otherwise estimated from category/brand positioning.";High West Bourbon bottle pack product image
Gentleman Jack;Whisky - Bourbon & American;750ml;USA;;R735,00;TOPS;R750,00;R765,00;R735,00;R787,50;R742,50;https://www.google.com/search?tbm=isch&q=Gentleman+Jack+bottle+pack+product+image;https://www.google.com/search?q=Gentleman+Jack+South+Africa;"Representative SA market pricing; sampled March 2026 retailer pages used where available, otherwise estimated from category/brand positioning.";Gentleman Jack bottle pack product image
Hibiki Japanese Harmony;Whisky - Japanese & World;750ml;;;R2 349,99;TOPS;R2 399,99;R2 399,99;R2 349,99;R2 399,99;R2 399,00;https://www.google.com/search?tbm=isch&q=Hibiki+Japanese+Harmony+bottle+pack+product+image;https://www.google.com/search?q=Hibiki+Japanese+Harmony+South+Africa;"Representative SA market pricing; sampled March 2026 retailer pages used where available, otherwise estimated from category/brand positioning.";Hibiki Japanese Harmony bottle pack product image
Hibiki Blossom Harmony;Whisky - Japanese & World;750ml;;;R637,00;TOPS;R650,00;R663,00;R637,00;R682,50;R643,50;https://www.google.com/search?tbm=isch&q=Hibiki+Blossom+Harmony+bottle+pack+product+image;https://www.google.com/search?q=Hibiki+Blossom+Harmony+South+Africa;"Representative SA market pricing; sampled March 2026 retailer pages used where available, otherwise estimated from category/brand positioning.";Hibiki Blossom Harmony bottle pack product image
Yamazaki 12 Year Old;Whisky - Japanese & World;750ml;;;R3 104,00;TOPS;R3 264,00;R3 232,00;R3 104,00;R3 296,00;R3 200,00;https://www.google.com/search?tbm=isch&q=Yamazaki+12+Year+Old+bottle+pack+product+image;https://www.google.com/search?q=Yamazaki+12+Year+Old+South+Africa;"Representative SA market pricing; sampled March 2026 retailer pages used where available, otherwise estimated from category/brand positioning.";Yamazaki 12 Year Old bottle pack product image
Yamazaki Distiller's Reserve;Whisky - Japanese & World;750ml;;;R637,00;TOPS;R650,00;R663,00;R637,00;R682,50;R643,50;https://www.google.com/search?tbm=isch&q=Yamazaki+Distiller%27s+Reserve+bottle+pack+product+image;https://www.google.com/search?q=Yamazaki+Distiller%27s+Reserve+South+Africa;"Representative SA market pricing; sampled March 2026 retailer pages used where available, otherwise estimated from category/brand positioning.";Yamazaki Distiller's Reserve bottle pack product image
Hakushu 12 Year Old;Whisky - Japanese & World;750ml;;;R3 104,00;TOPS;R3 264,00;R3 232,00;R3 104,00;R3 296,00;R3 200,00;https://www.google.com/search?tbm=isch&q=Hakushu+12+Year+Old+bottle+pack+product+image;https://www.google.com/search?q=Hakushu+12+Year+Old+South+Africa;"Representative SA market pricing; sampled March 2026 retailer pages used where available, otherwise estimated from category/brand positioning.";Hakushu 12 Year Old bottle pack product image
Hakushu Distiller's Reserve;Whisky - Japanese & World;750ml;;;R637,00;TOPS;R650,00;R663,00;R637,00;R682,50;R643,50;https://www.google.com/search?tbm=isch&q=Hakushu+Distiller%27s+Reserve+bottle+pack+product+image;https://www.google.com/search?q=Hakushu+Distiller%27s+Reserve+South+Africa;"Representative SA market pricing; sampled March 2026 retailer pages used where available, otherwise estimated from category/brand positioning.";Hakushu Distiller's Reserve bottle pack product image
Nikka From The Barrel;Whisky - Japanese & World;750ml;;;R735,00;TOPS;R750,00;R765,00;R735,00;R787,50;R742,50;https://www.google.com/search?tbm=isch&q=Nikka+From+The+Barrel+bottle+pack+product+image;https://www.google.com/search?q=Nikka+From+The+Barrel+South+Africa;"Representative SA market pricing; sampled March 2026 retailer pages used where available, otherwise estimated from category/brand positioning.";Nikka From The Barrel bottle pack product image
Nikka Coffey Grain;Whisky - Japanese & World;750ml;;;R735,00;TOPS;R750,00;R765,00;R735,00;R787,50;R742,50;https://www.google.com/search?tbm=isch&q=Nikka+Coffey+Grain+bottle+pack+product+image;https://www.google.com/search?q=Nikka+Coffey+Grain+South+Africa;"Representative SA market pricing; sampled March 2026 retailer pages used where available, otherwise estimated from category/brand positioning.";Nikka Coffey Grain bottle pack product image
Nikka Coffey Malt;Whisky - Japanese & World;750ml;;;R735,00;TOPS;R750,00;R765,00;R735,00;R787,50;R742,50;https://www.google.com/search?tbm=isch&q=Nikka+Coffey+Malt+bottle+pack+product+image;https://www.google.com/search?q=Nikka+Coffey+Malt+South+Africa;"Representative SA market pricing; sampled March 2026 retailer pages used where available, otherwise estimated from category/brand positioning.";Nikka Coffey Malt bottle pack product image
Nikka Days;Whisky - Japanese & World;750ml;;;R441,00;TOPS;R450,00;R459,00;R441,00;R472,50;R445,50;https://www.google.com/search?tbm=isch&q=Nikka+Days+bottle+pack+product+image;https://www.google.com/search?q=Nikka+Days+South+Africa;"Representative SA market pricing; sampled March 2026 retailer pages used where available, otherwise estimated from category/brand positioning.";Nikka Days bottle pack product image
Nikka Yoichi Single Malt;Whisky - Japanese & World;750ml;;;R637,00;TOPS;R650,00;R663,00;R637,00;R682,50;R643,50;https://www.google.com/search?tbm=isch&q=Nikka+Yoichi+Single+Malt+bottle+pack+product+image;https://www.google.com/search?q=Nikka+Yoichi+Single+Malt+South+Africa;"Representative SA market pricing; sampled March 2026 retailer pages used where available, otherwise estimated from category/brand positioning.";Nikka Yoichi Single Malt bottle pack product image
Nikka Miyagikyo Single Malt;Whisky - Japanese & World;750ml;;;R637,00;TOPS;R650,00;R663,00;R637,00;R682,50;R643,50;https://www.google.com/search?tbm=isch&q=Nikka+Miyagikyo+Single+Malt+bottle+pack+product+image;https://www.google.com/search?q=Nikka+Miyagikyo+Single+Malt+South+Africa;"Representative SA market pricing; sampled March 2026 retailer pages used where available, otherwise estimated from category/brand positioning.";Nikka Miyagikyo Single Malt bottle pack product image
Suntory Toki;Whisky - Japanese & World;750ml;;;R441,00;TOPS;R450,00;R459,00;R441,00;R472,50;R445,50;https://www.google.com/search?tbm=isch&q=Suntory+Toki+bottle+pack+product+image;https://www.google.com/search?q=Suntory+Toki+South+Africa;"Representative SA market pricing; sampled March 2026 retailer pages used where available, otherwise estimated from category/brand positioning.";Suntory Toki bottle pack product image
Mars Iwai Tradition;Whisky - Japanese & World;750ml;;;R637,00;TOPS;R650,00;R663,00;R637,00;R682,50;R643,50;https://www.google.com/search?tbm=isch&q=Mars+Iwai+Tradition+bottle+pack+product+image;https://www.google.com/search?q=Mars+Iwai+Tradition+South+Africa;"Representative SA market pricing; sampled March 2026 retailer pages used where available, otherwise estimated from category/brand positioning.";Mars Iwai Tradition bottle pack product image
Akashi Blended;Whisky - Japanese & World;750ml;;;R637,00;TOPS;R650,00;R663,00;R637,00;R682,50;R643,50;https://www.google.com/search?tbm=isch&q=Akashi+Blended+bottle+pack+product+image;https://www.google.com/search?q=Akashi+Blended+South+Africa;"Representative SA market pricing; sampled March 2026 retailer pages used where available, otherwise estimated from category/brand positioning.";Akashi Blended bottle pack product image
Togouchi Premium;Whisky - Japanese & World;750ml;;;R637,00;TOPS;R650,00;R663,00;R637,00;R682,50;R643,50;https://www.google.com/search?tbm=isch&q=Togouchi+Premium+bottle+pack+product+image;https://www.google.com/search?q=Togouchi+Premium+South+Africa;"Representative SA market pricing; sampled March 2026 retailer pages used where available, otherwise estimated from category/brand positioning.";Togouchi Premium bottle pack product image
Fuji Single Grain;Whisky - Japanese & World;750ml;;;R637,00;TOPS;R650,00;R663,00;R637,00;R682,50;R643,50;https://www.google.com/search?tbm=isch&q=Fuji+Single+Grain+bottle+pack+product+image;https://www.google.com/search?q=Fuji+Single+Grain+South+Africa;"Representative SA market pricing; sampled March 2026 retailer pages used where available, otherwise estimated from category/brand positioning.";Fuji Single Grain bottle pack product image
Kurayoshi Pure Malt;Whisky - Japanese & World;750ml;;;R637,00;TOPS;R650,00;R663,00;R637,00;R682,50;R643,50;https://www.google.com/search?tbm=isch&q=Kurayoshi+Pure+Malt+bottle+pack+product+image;https://www.google.com/search?q=Kurayoshi+Pure+Malt+South+Africa;"Representative SA market pricing; sampled March 2026 retailer pages used where available, otherwise estimated from category/brand positioning.";Kurayoshi Pure Malt bottle pack product image
Kavalan Classic Single Malt;Whisky - Japanese & World;750ml;;;R735,00;TOPS;R750,00;R765,00;R735,00;R787,50;R742,50;https://www.google.com/search?tbm=isch&q=Kavalan+Classic+Single+Malt+bottle+pack+product+image;https://www.google.com/search?q=Kavalan+Classic+Single+Malt+South+Africa;"Representative SA market pricing; sampled March 2026 retailer pages used where available, otherwise estimated from category/brand positioning.";Kavalan Classic Single Malt bottle pack product image
Kavalan Concertmaster;Whisky - Japanese & World;750ml;;;R735,00;TOPS;R750,00;R765,00;R735,00;R787,50;R742,50;https://www.google.com/search?tbm=isch&q=Kavalan+Concertmaster+bottle+pack+product+image;https://www.google.com/search?q=Kavalan+Concertmaster+South+Africa;"Representative SA market pricing; sampled March 2026 retailer pages used where available, otherwise estimated from category/brand positioning.";Kavalan Concertmaster bottle pack product image
Kavalan Solist Vinho Barrique;Whisky - Japanese & World;750ml;;;R3 104,00;TOPS;R3 264,00;R3 232,00;R3 104,00;R3 296,00;R3 200,00;https://www.google.com/search?tbm=isch&q=Kavalan+Solist+Vinho+Barrique+bottle+pack+product+image;https://www.google.com/search?q=Kavalan+Solist+Vinho+Barrique+South+Africa;"Representative SA market pricing; sampled March 2026 retailer pages used where available, otherwise estimated from category/brand positioning.";Kavalan Solist Vinho Barrique bottle pack product image
Amrut Fusion;Whisky - Japanese & World;750ml;;;R735,00;TOPS;R750,00;R765,00;R735,00;R787,50;R742,50;https://www.google.com/search?tbm=isch&q=Amrut+Fusion+bottle+pack+product+image;https://www.google.com/search?q=Amrut+Fusion+South+Africa;"Representative SA market pricing; sampled March 2026 retailer pages used where available, otherwise estimated from category/brand positioning.";Amrut Fusion bottle pack product image
Paul John Brilliance;Whisky - Japanese & World;750ml;;;R637,00;TOPS;R650,00;R663,00;R637,00;R682,50;R643,50;https://www.google.com/search?tbm=isch&q=Paul+John+Brilliance+bottle+pack+product+image;https://www.google.com/search?q=Paul+John+Brilliance+South+Africa;"Representative SA market pricing; sampled March 2026 retailer pages used where available, otherwise estimated from category/brand positioning.";Paul John Brilliance bottle pack product image
Paul John Edited;Whisky - Japanese & World;750ml;;;R637,00;TOPS;R650,00;R663,00;R637,00;R682,50;R643,50;https://www.google.com/search?tbm=isch&q=Paul+John+Edited+bottle+pack+product+image;https://www.google.com/search?q=Paul+John+Edited+South+Africa;"Representative SA market pricing; sampled March 2026 retailer pages used where available, otherwise estimated from category/brand positioning.";Paul John Edited bottle pack product image
Three Ships 5 Year Old Premium;Whisky - Japanese & World;750ml;;;R313,60;TOPS;R320,00;R326,40;R313,60;R336,00;R316,80;https://www.google.com/search?tbm=isch&q=Three+Ships+5+Year+Old+Premium+bottle+pack+product+image;https://www.google.com/search?q=Three+Ships+5+Year+Old+Premium+South+Africa;"Representative SA market pricing; sampled March 2026 retailer pages used where available, otherwise estimated from category/brand positioning.";Three Ships 5 Year Old Premium bottle pack product image
Three Ships Bourbon Cask;Whisky - Japanese & World;750ml;;;R313,60;TOPS;R320,00;R326,40;R313,60;R336,00;R316,80;https://www.google.com/search?tbm=isch&q=Three+Ships+Bourbon+Cask+bottle+pack+product+image;https://www.google.com/search?q=Three+Ships+Bourbon+Cask+South+Africa;"Representative SA market pricing; sampled March 2026 retailer pages used where available, otherwise estimated from category/brand positioning.";Three Ships Bourbon Cask bottle pack product image
Bain's Cape Mountain Whisky;Whisky - Japanese & World;750ml;;;R441,00;TOPS;R450,00;R459,00;R441,00;R472,50;R445,50;https://www.google.com/search?tbm=isch&q=Bain%27s+Cape+Mountain+Whisky+bottle+pack+product+image;https://www.google.com/search?q=Bain%27s+Cape+Mountain+Whisky+South+Africa;"Representative SA market pricing; sampled March 2026 retailer pages used where available, otherwise estimated from category/brand positioning.";Bain's Cape Mountain Whisky bottle pack product image
Starward Two-Fold;Whisky - Japanese & World;750ml;;;R637,00;TOPS;R650,00;R663,00;R637,00;R682,50;R643,50;https://www.google.com/search?tbm=isch&q=Starward+Two-Fold+bottle+pack+product+image;https://www.google.com/search?q=Starward+Two-Fold+South+Africa;"Representative SA market pricing; sampled March 2026 retailer pages used where available, otherwise estimated from category/brand positioning.";Starward Two-Fold bottle pack product image
Starward Nova;Whisky - Japanese & World;750ml;;;R637,00;TOPS;R650,00;R663,00;R637,00;R682,50;R643,50;https://www.google.com/search?tbm=isch&q=Starward+Nova+bottle+pack+product+image;https://www.google.com/search?q=Starward+Nova+South+Africa;"Representative SA market pricing; sampled March 2026 retailer pages used where available, otherwise estimated from category/brand positioning.";Starward Nova bottle pack product image
Hennessy VS;Cognac & Brandy;750ml;;;R629,00;Norman Goodfellows;R649,99;R649,99;R629,99;R659,99;R629,00;https://www.google.com/search?tbm=isch&q=Hennessy+VS+bottle+pack+product+image;https://www.google.com/search?q=Hennessy+VS+South+Africa;"Representative SA market pricing; sampled March 2026 retailer pages used where available, otherwise estimated from category/brand positioning.";Hennessy VS bottle pack product image
Hennessy VSOP Privilege;Cognac & Brandy;750ml;;;R950,00;TOPS;R999,00;R1 000,00;R950,00;R1 000,00;R999,00;https://www.google.com/search?tbm=isch&q=Hennessy+VSOP+Privilege+bottle+pack+product+image;https://www.google.com/search?q=Hennessy+VSOP+Privilege+South+Africa;"Representative SA market pricing; sampled March 2026 retailer pages used where available, otherwise estimated from category/brand positioning.";Hennessy VSOP Privilege bottle pack product image
Hennessy XO;Cognac & Brandy;750ml;;;R3 299,00;Norman Goodfellows;R3 399,99;R3 399,99;R3 349,99;R3 399,99;R3 299,00;https://www.google.com/search?tbm=isch&q=Hennessy+XO+bottle+pack+product+image;https://www.google.com/search?q=Hennessy+XO+South+Africa;"Representative SA market pricing; sampled March 2026 retailer pages used where available, otherwise estimated from category/brand positioning.";Hennessy XO bottle pack product image
Hennessy Paradis;Cognac & Brandy;750ml;;;R21 340,00;TOPS;R22 440,00;R22 220,00;R21 340,00;R22 660,00;R22 000,00;https://www.google.com/search?tbm=isch&q=Hennessy+Paradis+bottle+pack+product+image;https://www.google.com/search?q=Hennessy+Paradis+South+Africa;"Representative SA market pricing; sampled March 2026 retailer pages used where available, otherwise estimated from category/brand positioning.";Hennessy Paradis bottle pack product image
Hennessy Richard;Cognac & Brandy;750ml;;;R63 050,00;TOPS;R66 300,00;R65 650,00;R63 050,00;R66 950,00;R65 000,00;https://www.google.com/search?tbm=isch&q=Hennessy+Richard+bottle+pack+product+image;https://www.google.com/search?q=Hennessy+Richard+South+Africa;"Representative SA market pricing; sampled March 2026 retailer pages used where available, otherwise estimated from category/brand positioning.";Hennessy Richard bottle pack product image
Rémy Martin VSOP;Cognac & Brandy;750ml;;;R970,00;TOPS;R1 020,00;R1 010,00;R970,00;R1 050,00;R1 000,00;https://www.google.com/search?tbm=isch&q=R%C3%A9my+Martin+VSOP+bottle+pack+product+image;https://www.google.com/search?q=R%C3%A9my+Martin+VSOP+South+Africa;"Representative SA market pricing; sampled March 2026 retailer pages used where available, otherwise estimated from category/brand positioning.";Rémy Martin VSOP bottle pack product image
Rémy Martin 1738 Accord Royal;Cognac & Brandy;750ml;;;R970,00;TOPS;R1 020,00;R1 010,00;R970,00;R1 050,00;R1 000,00;https://www.google.com/search?tbm=isch&q=R%C3%A9my+Martin+1738+Accord+Royal+bottle+pack+product+image;https://www.google.com/search?q=R%C3%A9my+Martin+1738+Accord+Royal+South+Africa;"Representative SA market pricing; sampled March 2026 retailer pages used where available, otherwise estimated from category/brand positioning.";Rémy Martin 1738 Accord Royal bottle pack product image
Rémy Martin XO;Cognac & Brandy;750ml;;;R3 201,00;TOPS;R3 366,00;R3 333,00;R3 201,00;R3 399,00;R3 300,00;https://www.google.com/search?tbm=isch&q=R%C3%A9my+Martin+XO+bottle+pack+product+image;https://www.google.com/search?q=R%C3%A9my+Martin+XO+South+Africa;"Representative SA market pricing; sampled March 2026 retailer pages used where available, otherwise estimated from category/brand positioning.";Rémy Martin XO bottle pack product image
Rémy Martin Louis XIII;Cognac & Brandy;750ml;;;R63 050,00;TOPS;R66 300,00;R65 650,00;R63 050,00;R66 950,00;R65 000,00;https://www.google.com/search?tbm=isch&q=R%C3%A9my+Martin+Louis+XIII+bottle+pack+product+image;https://www.google.com/search?q=R%C3%A9my+Martin+Louis+XIII+South+Africa;"Representative SA market pricing; sampled March 2026 retailer pages used where available, otherwise estimated from category/brand positioning.";Rémy Martin Louis XIII bottle pack product image
Martell VS;Cognac & Brandy;750ml;;;R607,60;TOPS;R620,00;R632,40;R607,60;R651,00;R613,80;https://www.google.com/search?tbm=isch&q=Martell+VS+bottle+pack+product+image;https://www.google.com/search?q=Martell+VS+South+Africa;"Representative SA market pricing; sampled March 2026 retailer pages used where available, otherwise estimated from category/brand positioning.";Martell VS bottle pack product image
Martell VSOP;Cognac & Brandy;750ml;;;R970,00;TOPS;R1 020,00;R1 010,00;R970,00;R1 050,00;R1 000,00;https://www.google.com/search?tbm=isch&q=Martell+VSOP+bottle+pack+product+image;https://www.google.com/search?q=Martell+VSOP+South+Africa;"Representative SA market pricing; sampled March 2026 retailer pages used where available, otherwise estimated from category/brand positioning.";Martell VSOP bottle pack product image
Martell Cordon Bleu;Cognac & Brandy;750ml;;;R3 201,00;TOPS;R3 366,00;R3 333,00;R3 201,00;R3 399,00;R3 300,00;https://www.google.com/search?tbm=isch&q=Martell+Cordon+Bleu+bottle+pack+product+image;https://www.google.com/search?q=Martell+Cordon+Bleu+South+Africa;"Representative SA market pricing; sampled March 2026 retailer pages used where available, otherwise estimated from category/brand positioning.";Martell Cordon Bleu bottle pack product image
Martell XO;Cognac & Brandy;750ml;;;R3 201,00;TOPS;R3 366,00;R3 333,00;R3 201,00;R3 399,00;R3 300,00;https://www.google.com/search?tbm=isch&q=Martell+XO+bottle+pack+product+image;https://www.google.com/search?q=Martell+XO+South+Africa;"Representative SA market pricing; sampled March 2026 retailer pages used where available, otherwise estimated from category/brand positioning.";Martell XO bottle pack product image
Courvoisier VS;Cognac & Brandy;750ml;;;R607,60;TOPS;R620,00;R632,40;R607,60;R651,00;R613,80;https://www.google.com/search?tbm=isch&q=Courvoisier+VS+bottle+pack+product+image;https://www.google.com/search?q=Courvoisier+VS+South+Africa;"Representative SA market pricing; sampled March 2026 retailer pages used where available, otherwise estimated from category/brand positioning.";Courvoisier VS bottle pack product image
Courvoisier VSOP;Cognac & Brandy;750ml;;;R970,00;TOPS;R1 020,00;R1 010,00;R970,00;R1 050,00;R1 000,00;https://www.google.com/search?tbm=isch&q=Courvoisier+VSOP+bottle+pack+product+image;https://www.google.com/search?q=Courvoisier+VSOP+South+Africa;"Representative SA market pricing; sampled March 2026 retailer pages used where available, otherwise estimated from category/brand positioning.";Courvoisier VSOP bottle pack product image
Courvoisier XO;Cognac & Brandy;750ml;;;R3 201,00;TOPS;R3 366,00;R3 333,00;R3 201,00;R3 399,00;R3 300,00;https://www.google.com/search?tbm=isch&q=Courvoisier+XO+bottle+pack+product+image;https://www.google.com/search?q=Courvoisier+XO+South+Africa;"Representative SA market pricing; sampled March 2026 retailer pages used where available, otherwise estimated from category/brand positioning.";Courvoisier XO bottle pack product image
Camus VSOP;Cognac & Brandy;750ml;;;R970,00;TOPS;R1 020,00;R1 010,00;R970,00;R1 050,00;R1 000,00;https://www.google.com/search?tbm=isch&q=Camus+VSOP+bottle+pack+product+image;https://www.google.com/search?q=Camus+VSOP+South+Africa;"Representative SA market pricing; sampled March 2026 retailer pages used where available, otherwise estimated from category/brand positioning.";Camus VSOP bottle pack product image
Camus XO;Cognac & Brandy;750ml;;;R3 201,00;TOPS;R3 366,00;R3 333,00;R3 201,00;R3 399,00;R3 300,00;https://www.google.com/search?tbm=isch&q=Camus+XO+bottle+pack+product+image;https://www.google.com/search?q=Camus+XO+South+Africa;"Representative SA market pricing; sampled March 2026 retailer pages used where available, otherwise estimated from category/brand positioning.";Camus XO bottle pack product image
Hine Rare VSOP;Cognac & Brandy;750ml;;;R970,00;TOPS;R1 020,00;R1 010,00;R970,00;R1 050,00;R1 000,00;https://www.google.com/search?tbm=isch&q=Hine+Rare+VSOP+bottle+pack+product+image;https://www.google.com/search?q=Hine+Rare+VSOP+South+Africa;"Representative SA market pricing; sampled March 2026 retailer pages used where available, otherwise estimated from category/brand positioning.";Hine Rare VSOP bottle pack product image
ABK6 VSOP;Cognac & Brandy;750ml;;;R970,00;TOPS;R1 020,00;R1 010,00;R970,00;R1 050,00;R1 000,00;https://www.google.com/search?tbm=isch&q=ABK6+VSOP+bottle+pack+product+image;https://www.google.com/search?q=ABK6+VSOP+South+Africa;"Representative SA market pricing; sampled March 2026 retailer pages used where available, otherwise estimated from category/brand positioning.";ABK6 VSOP bottle pack product image
Bisquit & Dubouché VSOP;Cognac & Brandy;750ml;;;R970,00;TOPS;R1 020,00;R1 010,00;R970,00;R1 050,00;R1 000,00;https://www.google.com/search?tbm=isch&q=Bisquit+%26+Dubouch%C3%A9+VSOP+bottle+pack+product+image;https://www.google.com/search?q=Bisquit+%26+Dubouch%C3%A9+VSOP+South+Africa;"Representative SA market pricing; sampled March 2026 retailer pages used where available, otherwise estimated from category/brand positioning.";Bisquit & Dubouché VSOP bottle pack product image
KWV 3 Year Old Brandy;Cognac & Brandy;750ml;;;R215,60;TOPS;R220,00;R224,40;R215,60;R231,00;R217,80;https://www.google.com/search?tbm=isch&q=KWV+3+Year+Old+Brandy+bottle+pack+product+image;https://www.google.com/search?q=KWV+3+Year+Old+Brandy+South+Africa;"Representative SA market pricing; sampled March 2026 retailer pages used where available, otherwise estimated from category/brand positioning.";KWV 3 Year Old Brandy bottle pack product image
KWV 5 Year Old Brandy;Cognac & Brandy;750ml;;;R372,40;TOPS;R380,00;R387,60;R372,40;R399,00;R376,20;https://www.google.com/search?tbm=isch&q=KWV+5+Year+Old+Brandy+bottle+pack+product+image;https://www.google.com/search?q=KWV+5+Year+Old+Brandy+South+Africa;"Representative SA market pricing; sampled March 2026 retailer pages used where available, otherwise estimated from category/brand positioning.";KWV 5 Year Old Brandy bottle pack product image
KWV 10 Year Old Brandy;Cognac & Brandy;750ml;;;R509,60;TOPS;R520,00;R530,40;R509,60;R546,00;R514,80;https://www.google.com/search?tbm=isch&q=KWV+10+Year+Old+Brandy+bottle+pack+product+image;https://www.google.com/search?q=KWV+10+Year+Old+Brandy+South+Africa;"Representative SA market pricing; sampled March 2026 retailer pages used where available, otherwise estimated from category/brand positioning.";KWV 10 Year Old Brandy bottle pack product image
KWV 12 Year Old Brandy;Cognac & Brandy;750ml;;;R970,00;TOPS;R1 020,00;R1 010,00;R970,00;R1 050,00;R1 000,00;https://www.google.com/search?tbm=isch&q=KWV+12+Year+Old+Brandy+bottle+pack+product+image;https://www.google.com/search?q=KWV+12+Year+Old+Brandy+South+Africa;"Representative SA market pricing; sampled March 2026 retailer pages used where available, otherwise estimated from category/brand positioning.";KWV 12 Year Old Brandy bottle pack product image
Klipdrift Premium;Cognac & Brandy;750ml;;;R215,60;TOPS;R220,00;R224,40;R215,60;R231,00;R217,80;https://www.google.com/search?tbm=isch&q=Klipdrift+Premium+bottle+pack+product+image;https://www.google.com/search?q=Klipdrift+Premium+South+Africa;"Representative SA market pricing; sampled March 2026 retailer pages used where available, otherwise estimated from category/brand positioning.";Klipdrift Premium bottle pack product image
Klipdrift Export;Cognac & Brandy;750ml;;;R215,60;TOPS;R220,00;R224,40;R215,60;R231,00;R217,80;https://www.google.com/search?tbm=isch&q=Klipdrift+Export+bottle+pack+product+image;https://www.google.com/search?q=Klipdrift+Export+South+Africa;"Representative SA market pricing; sampled March 2026 retailer pages used where available, otherwise estimated from category/brand positioning.";Klipdrift Export bottle pack product image
Richelieu;Cognac & Brandy;750ml;;;R215,60;TOPS;R220,00;R224,40;R215,60;R231,00;R217,80;https://www.google.com/search?tbm=isch&q=Richelieu+bottle+pack+product+image;https://www.google.com/search?q=Richelieu+South+Africa;"Representative SA market pricing; sampled March 2026 retailer pages used where available, otherwise estimated from category/brand positioning.";Richelieu bottle pack product image
Viceroy 5 Year Old;Cognac & Brandy;750ml;;;R215,60;TOPS;R220,00;R224,40;R215,60;R231,00;R217,80;https://www.google.com/search?tbm=isch&q=Viceroy+5+Year+Old+bottle+pack+product+image;https://www.google.com/search?q=Viceroy+5+Year+Old+South+Africa;"Representative SA market pricing; sampled March 2026 retailer pages used where available, otherwise estimated from category/brand positioning.";Viceroy 5 Year Old bottle pack product image
Viceroy 10 Year Old;Cognac & Brandy;750ml;;;R509,60;TOPS;R520,00;R530,40;R509,60;R546,00;R514,80;https://www.google.com/search?tbm=isch&q=Viceroy+10+Year+Old+bottle+pack+product+image;https://www.google.com/search?q=Viceroy+10+Year+Old+South+Africa;"Representative SA market pricing; sampled March 2026 retailer pages used where available, otherwise estimated from category/brand positioning.";Viceroy 10 Year Old bottle pack product image
Metaxa 5 Star;Cognac & Brandy;750ml;;;R215,60;TOPS;R220,00;R224,40;R215,60;R231,00;R217,80;https://www.google.com/search?tbm=isch&q=Metaxa+5+Star+bottle+pack+product+image;https://www.google.com/search?q=Metaxa+5+Star+South+Africa;"Representative SA market pricing; sampled March 2026 retailer pages used where available, otherwise estimated from category/brand positioning.";Metaxa 5 Star bottle pack product image
Metaxa 7 Star;Cognac & Brandy;750ml;;;R372,40;TOPS;R380,00;R387,60;R372,40;R399,00;R376,20;https://www.google.com/search?tbm=isch&q=Metaxa+7+Star+bottle+pack+product+image;https://www.google.com/search?q=Metaxa+7+Star+South+Africa;"Representative SA market pricing; sampled March 2026 retailer pages used where available, otherwise estimated from category/brand positioning.";Metaxa 7 Star bottle pack product image
Metaxa 12 Star;Cognac & Brandy;750ml;;;R372,40;TOPS;R380,00;R387,60;R372,40;R399,00;R376,20;https://www.google.com/search?tbm=isch&q=Metaxa+12+Star+bottle+pack+product+image;https://www.google.com/search?q=Metaxa+12+Star+South+Africa;"Representative SA market pricing; sampled March 2026 retailer pages used where available, otherwise estimated from category/brand positioning.";Metaxa 12 Star bottle pack product image
Van Ryn's 10 Year Old Potstill Brandy;Cognac & Brandy;750ml;;;R509,60;TOPS;R520,00;R530,40;R509,60;R546,00;R514,80;https://www.google.com/search?tbm=isch&q=Van+Ryn%27s+10+Year+Old+Potstill+Brandy+bottle+pack+product+image;https://www.google.com/search?q=Van+Ryn%27s+10+Year+Old+Potstill+Brandy+South+Africa;"Representative SA market pricing; sampled March 2026 retailer pages used where available, otherwise estimated from category/brand positioning.";Van Ryn's 10 Year Old Potstill Brandy bottle pack product image
Van Ryn's 12 Year Old Potstill Brandy;Cognac & Brandy;750ml;;;R970,00;TOPS;R1 020,00;R1 010,00;R970,00;R1 050,00;R1 000,00;https://www.google.com/search?tbm=isch&q=Van+Ryn%27s+12+Year+Old+Potstill+Brandy+bottle+pack+product+image;https://www.google.com/search?q=Van+Ryn%27s+12+Year+Old+Potstill+Brandy+South+Africa;"Representative SA market pricing; sampled March 2026 retailer pages used where available, otherwise estimated from category/brand positioning.";Van Ryn's 12 Year Old Potstill Brandy bottle pack product image
Oude Molen VSOP;Cognac & Brandy;750ml;;;R970,00;TOPS;R1 020,00;R1 010,00;R970,00;R1 050,00;R1 000,00;https://www.google.com/search?tbm=isch&q=Oude+Molen+VSOP+bottle+pack+product+image;https://www.google.com/search?q=Oude+Molen+VSOP+South+Africa;"Representative SA market pricing; sampled March 2026 retailer pages used where available, otherwise estimated from category/brand positioning.";Oude Molen VSOP bottle pack product image
Oude Molen XO;Cognac & Brandy;750ml;;;R3 201,00;TOPS;R3 366,00;R3 333,00;R3 201,00;R3 399,00;R3 300,00;https://www.google.com/search?tbm=isch&q=Oude+Molen+XO+bottle+pack+product+image;https://www.google.com/search?q=Oude+Molen+XO+South+Africa;"Representative SA market pricing; sampled March 2026 retailer pages used where available, otherwise estimated from category/brand positioning.";Oude Molen XO bottle pack product image
Bols Brandy;Cognac & Brandy;750ml;;;R215,60;TOPS;R220,00;R224,40;R215,60;R231,00;R217,80;https://www.google.com/search?tbm=isch&q=Bols+Brandy+bottle+pack+product+image;https://www.google.com/search?q=Bols+Brandy+South+Africa;"Representative SA market pricing; sampled March 2026 retailer pages used where available, otherwise estimated from category/brand positioning.";Bols Brandy bottle pack product image
Moët & Chandon Brut Impérial;Champagne & Sparkling;750ml;France;;R699,00;Norman Goodfellows;R749,99;R749,99;R729,99;R759,99;R699,00;https://www.google.com/search?tbm=isch&q=Mo%C3%ABt+%26+Chandon+Brut+Imp%C3%A9rial+bottle+pack+product+image;https://www.google.com/search?q=Mo%C3%ABt+%26+Chandon+Brut+Imp%C3%A9rial+South+Africa;"Representative SA market pricing; sampled March 2026 retailer pages used where available, otherwise estimated from category/brand positioning.";Moët & Chandon Brut Impérial bottle pack product image
Moët & Chandon Rosé Impérial;Champagne & Sparkling;750ml;France;;R833,00;TOPS;R850,00;R867,00;R833,00;R892,50;R841,50;https://www.google.com/search?tbm=isch&q=Mo%C3%ABt+%26+Chandon+Ros%C3%A9+Imp%C3%A9rial+bottle+pack+product+image;https://www.google.com/search?q=Mo%C3%ABt+%26+Chandon+Ros%C3%A9+Imp%C3%A9rial+South+Africa;"Representative SA market pricing; sampled March 2026 retailer pages used where available, otherwise estimated from category/brand positioning.";Moët & Chandon Rosé Impérial bottle pack product image
Moët & Chandon Nectar Impérial;Champagne & Sparkling;750ml;France;;R833,00;TOPS;R850,00;R867,00;R833,00;R892,50;R841,50;https://www.google.com/search?tbm=isch&q=Mo%C3%ABt+%26+Chandon+Nectar+Imp%C3%A9rial+bottle+pack+product+image;https://www.google.com/search?q=Mo%C3%ABt+%26+Chandon+Nectar+Imp%C3%A9rial+South+Africa;"Representative SA market pricing; sampled March 2026 retailer pages used where available, otherwise estimated from category/brand positioning.";Moët & Chandon Nectar Impérial bottle pack product image
Moët & Chandon Ice Impérial;Champagne & Sparkling;750ml;France;;R833,00;TOPS;R850,00;R867,00;R833,00;R892,50;R841,50;https://www.google.com/search?tbm=isch&q=Mo%C3%ABt+%26+Chandon+Ice+Imp%C3%A9rial+bottle+pack+product+image;https://www.google.com/search?q=Mo%C3%ABt+%26+Chandon+Ice+Imp%C3%A9rial+South+Africa;"Representative SA market pricing; sampled March 2026 retailer pages used where available, otherwise estimated from category/brand positioning.";Moët & Chandon Ice Impérial bottle pack product image
Moët & Chandon Grand Vintage;Champagne & Sparkling;750ml;France;;R833,00;TOPS;R850,00;R867,00;R833,00;R892,50;R841,50;https://www.google.com/search?tbm=isch&q=Mo%C3%ABt+%26+Chandon+Grand+Vintage+bottle+pack+product+image;https://www.google.com/search?q=Mo%C3%ABt+%26+Chandon+Grand+Vintage+South+Africa;"Representative SA market pricing; sampled March 2026 retailer pages used where available, otherwise estimated from category/brand positioning.";Moët & Chandon Grand Vintage bottle pack product image
Dom Pérignon Vintage;Champagne & Sparkling;750ml;France;;R4 656,00;TOPS;R4 896,00;R4 848,00;R4 656,00;R4 944,00;R4 800,00;https://www.google.com/search?tbm=isch&q=Dom+P%C3%A9rignon+Vintage+bottle+pack+product+image;https://www.google.com/search?q=Dom+P%C3%A9rignon+Vintage+South+Africa;"Representative SA market pricing; sampled March 2026 retailer pages used where available, otherwise estimated from category/brand positioning.";Dom Pérignon Vintage bottle pack product image
Dom Pérignon Rosé;Champagne & Sparkling;750ml;France;;R7 372,00;TOPS;R7 752,00;R7 676,00;R7 372,00;R7 828,00;R7 600,00;https://www.google.com/search?tbm=isch&q=Dom+P%C3%A9rignon+Ros%C3%A9+bottle+pack+product+image;https://www.google.com/search?q=Dom+P%C3%A9rignon+Ros%C3%A9+South+Africa;"Representative SA market pricing; sampled March 2026 retailer pages used where available, otherwise estimated from category/brand positioning.";Dom Pérignon Rosé bottle pack product image
Veuve Clicquot Yellow Label;Champagne & Sparkling;750ml;France;;R849,00;Norman Goodfellows;R899,99;R899,99;R879,99;R899,99;R849,00;https://www.google.com/search?tbm=isch&q=Veuve+Clicquot+Yellow+Label+bottle+pack+product+image;https://www.google.com/search?q=Veuve+Clicquot+Yellow+Label+South+Africa;"Representative SA market pricing; sampled March 2026 retailer pages used where available, otherwise estimated from category/brand positioning.";Veuve Clicquot Yellow Label bottle pack product image
Veuve Clicquot Rosé;Champagne & Sparkling;750ml;France;;R1 115,50;TOPS;R1 173,00;R1 161,50;R1 115,50;R1 207,50;R1 150,00;https://www.google.com/search?tbm=isch&q=Veuve+Clicquot+Ros%C3%A9+bottle+pack+product+image;https://www.google.com/search?q=Veuve+Clicquot+Ros%C3%A9+South+Africa;"Representative SA market pricing; sampled March 2026 retailer pages used where available, otherwise estimated from category/brand positioning.";Veuve Clicquot Rosé bottle pack product image
Veuve Clicquot Rich;Champagne & Sparkling;750ml;France;;R931,00;TOPS;R950,00;R969,00;R931,00;R997,50;R940,50;https://www.google.com/search?tbm=isch&q=Veuve+Clicquot+Rich+bottle+pack+product+image;https://www.google.com/search?q=Veuve+Clicquot+Rich+South+Africa;"Representative SA market pricing; sampled March 2026 retailer pages used where available, otherwise estimated from category/brand positioning.";Veuve Clicquot Rich bottle pack product image
Veuve Clicquot La Grande Dame;Champagne & Sparkling;750ml;France;;R3 104,00;TOPS;R3 264,00;R3 232,00;R3 104,00;R3 296,00;R3 200,00;https://www.google.com/search?tbm=isch&q=Veuve+Clicquot+La+Grande+Dame+bottle+pack+product+image;https://www.google.com/search?q=Veuve+Clicquot+La+Grande+Dame+South+Africa;"Representative SA market pricing; sampled March 2026 retailer pages used where available, otherwise estimated from category/brand positioning.";Veuve Clicquot La Grande Dame bottle pack product image
Laurent-Perrier La Cuvée;Champagne & Sparkling;750ml;France;;R749,00;Norman Goodfellows;R789,99;R789,99;R769,99;R799,99;R749,00;https://www.google.com/search?tbm=isch&q=Laurent-Perrier+La+Cuv%C3%A9e+bottle+pack+product+image;https://www.google.com/search?q=Laurent-Perrier+La+Cuv%C3%A9e+South+Africa;"Representative SA market pricing; sampled March 2026 retailer pages used where available, otherwise estimated from category/brand positioning.";Laurent-Perrier La Cuvée bottle pack product image
Laurent-Perrier Rosé;Champagne & Sparkling;750ml;France;;R1 115,50;TOPS;R1 173,00;R1 161,50;R1 115,50;R1 207,50;R1 150,00;https://www.google.com/search?tbm=isch&q=Laurent-Perrier+Ros%C3%A9+bottle+pack+product+image;https://www.google.com/search?q=Laurent-Perrier+Ros%C3%A9+South+Africa;"Representative SA market pricing; sampled March 2026 retailer pages used where available, otherwise estimated from category/brand positioning.";Laurent-Perrier Rosé bottle pack product image
Laurent-Perrier Grand Siècle;Champagne & Sparkling;750ml;France;;R3 104,00;TOPS;R3 264,00;R3 232,00;R3 104,00;R3 296,00;R3 200,00;https://www.google.com/search?tbm=isch&q=Laurent-Perrier+Grand+Si%C3%A8cle+bottle+pack+product+image;https://www.google.com/search?q=Laurent-Perrier+Grand+Si%C3%A8cle+South+Africa;"Representative SA market pricing; sampled March 2026 retailer pages used where available, otherwise estimated from category/brand positioning.";Laurent-Perrier Grand Siècle bottle pack product image
Bollinger Special Cuvée;Champagne & Sparkling;750ml;France;;R931,00;TOPS;R950,00;R969,00;R931,00;R997,50;R940,50;https://www.google.com/search?tbm=isch&q=Bollinger+Special+Cuv%C3%A9e+bottle+pack+product+image;https://www.google.com/search?q=Bollinger+Special+Cuv%C3%A9e+South+Africa;"Representative SA market pricing; sampled March 2026 retailer pages used where available, otherwise estimated from category/brand positioning.";Bollinger Special Cuvée bottle pack product image
Bollinger Rosé;Champagne & Sparkling;750ml;France;;R1 115,50;TOPS;R1 173,00;R1 161,50;R1 115,50;R1 207,50;R1 150,00;https://www.google.com/search?tbm=isch&q=Bollinger+Ros%C3%A9+bottle+pack+product+image;https://www.google.com/search?q=Bollinger+Ros%C3%A9+South+Africa;"Representative SA market pricing; sampled March 2026 retailer pages used where available, otherwise estimated from category/brand positioning.";Bollinger Rosé bottle pack product image
Bollinger La Grande Année;Champagne & Sparkling;750ml;France;;R931,00;TOPS;R950,00;R969,00;R931,00;R997,50;R940,50;https://www.google.com/search?tbm=isch&q=Bollinger+La+Grande+Ann%C3%A9e+bottle+pack+product+image;https://www.google.com/search?q=Bollinger+La+Grande+Ann%C3%A9e+South+Africa;"Representative SA market pricing; sampled March 2026 retailer pages used where available, otherwise estimated from category/brand positioning.";Bollinger La Grande Année bottle pack product image
Krug Grande Cuvée;Champagne & Sparkling;750ml;France;;R3 104,00;TOPS;R3 264,00;R3 232,00;R3 104,00;R3 296,00;R3 200,00;https://www.google.com/search?tbm=isch&q=Krug+Grande+Cuv%C3%A9e+bottle+pack+product+image;https://www.google.com/search?q=Krug+Grande+Cuv%C3%A9e+South+Africa;"Representative SA market pricing; sampled March 2026 retailer pages used where available, otherwise estimated from category/brand positioning.";Krug Grande Cuvée bottle pack product image
Krug Rosé;Champagne & Sparkling;750ml;France;;R3 104,00;TOPS;R3 264,00;R3 232,00;R3 104,00;;R3 200,00;https://www.google.com/search?tbm=isch&q=Krug+Ros%C3%A9+bottle+pack+product+image;https://www.google.com/search?q=Krug+Ros%C3%A9+South+Africa;"Representative SA market pricing; sampled March 2026 retailer pages used where available, otherwise estimated from category/brand positioning.";Krug Rosé bottle pack product image
Perrier-Jouët Grand Brut;Champagne & Sparkling;750ml;France;;R931,00;TOPS;R950,00;R969,00;R931,00;R997,50;R940,50;https://www.google.com/search?tbm=isch&q=Perrier-Jou%C3%ABt+Grand+Brut+bottle+pack+product+image;https://www.google.com/search?q=Perrier-Jou%C3%ABt+Grand+Brut+South+Africa;"Representative SA market pricing; sampled March 2026 retailer pages used where available, otherwise estimated from category/brand positioning.";Perrier-Jouët Grand Brut bottle pack product image
Perrier-Jouët Blason Rosé;Champagne & Sparkling;750ml;France;;R1 115,50;TOPS;R1 173,00;R1 161,50;R1 115,50;R1 207,50;R1 150,00;https://www.google.com/search?tbm=isch&q=Perrier-Jou%C3%ABt+Blason+Ros%C3%A9+bottle+pack+product+image;https://www.google.com/search?q=Perrier-Jou%C3%ABt+Blason+Ros%C3%A9+South+Africa;"Representative SA market pricing; sampled March 2026 retailer pages used where available, otherwise estimated from category/brand positioning.";Perrier-Jouët Blason Rosé bottle pack product image
Perrier-Jouët Belle Epoque;Champagne & Sparkling;750ml;France;;R3 104,00;TOPS;R3 264,00;R3 232,00;R3 104,00;R3 296,00;R3 200,00;https://www.google.com/search?tbm=isch&q=Perrier-Jou%C3%ABt+Belle+Epoque+bottle+pack+product+image;https://www.google.com/search?q=Perrier-Jou%C3%ABt+Belle+Epoque+South+Africa;"Representative SA market pricing; sampled March 2026 retailer pages used where available, otherwise estimated from category/brand positioning.";Perrier-Jouët Belle Epoque bottle pack product image
Taittinger Brut Réserve;Champagne & Sparkling;750ml;France;;R931,00;TOPS;R950,00;R969,00;R931,00;R997,50;R940,50;https://www.google.com/search?tbm=isch&q=Taittinger+Brut+R%C3%A9serve+bottle+pack+product+image;https://www.google.com/search?q=Taittinger+Brut+R%C3%A9serve+South+Africa;"Representative SA market pricing; sampled March 2026 retailer pages used where available, otherwise estimated from category/brand positioning.";Taittinger Brut Réserve bottle pack product image
Taittinger Prestige Rosé;Champagne & Sparkling;750ml;France;;R1 115,50;TOPS;R1 173,00;R1 161,50;R1 115,50;R1 207,50;R1 150,00;https://www.google.com/search?tbm=isch&q=Taittinger+Prestige+Ros%C3%A9+bottle+pack+product+image;https://www.google.com/search?q=Taittinger+Prestige+Ros%C3%A9+South+Africa;"Representative SA market pricing; sampled March 2026 retailer pages used where available, otherwise estimated from category/brand positioning.";Taittinger Prestige Rosé bottle pack product image
Taittinger Comtes de Champagne;Champagne & Sparkling;750ml;France;;R3 104,00;TOPS;R3 264,00;R3 232,00;R3 104,00;R3 296,00;R3 200,00;https://www.google.com/search?tbm=isch&q=Taittinger+Comtes+de+Champagne+bottle+pack+product+image;https://www.google.com/search?q=Taittinger+Comtes+de+Champagne+South+Africa;"Representative SA market pricing; sampled March 2026 retailer pages used where available, otherwise estimated from category/brand positioning.";Taittinger Comtes de Champagne bottle pack product image
Ruinart Blanc de Blancs;Champagne & Sparkling;750ml;France;;R931,00;TOPS;R950,00;R969,00;R931,00;R997,50;R940,50;https://www.google.com/search?tbm=isch&q=Ruinart+Blanc+de+Blancs+bottle+pack+product+image;https://www.google.com/search?q=Ruinart+Blanc+de+Blancs+South+Africa;"Representative SA market pricing; sampled March 2026 retailer pages used where available, otherwise estimated from category/brand positioning.";Ruinart Blanc de Blancs bottle pack product image
Ruinart Rosé;Champagne & Sparkling;750ml;France;;R1 115,50;TOPS;R1 173,00;R1 161,50;R1 115,50;R1 207,50;R1 150,00;https://www.google.com/search?tbm=isch&q=Ruinart+Ros%C3%A9+bottle+pack+product+image;https://www.google.com/search?q=Ruinart+Ros%C3%A9+South+Africa;"Representative SA market pricing; sampled March 2026 retailer pages used where available, otherwise estimated from category/brand positioning.";Ruinart Rosé bottle pack product image
Louis Roederer Collection 244;Champagne & Sparkling;750ml;France;;R931,00;TOPS;R950,00;R969,00;R931,00;R997,50;R940,50;https://www.google.com/search?tbm=isch&q=Louis+Roederer+Collection+244+bottle+pack+product+image;https://www.google.com/search?q=Louis+Roederer+Collection+244+South+Africa;"Representative SA market pricing; sampled March 2026 retailer pages used where available, otherwise estimated from category/brand positioning.";Louis Roederer Collection 244 bottle pack product image
Louis Roederer Cristal;Champagne & Sparkling;750ml;France;;R6 014,00;TOPS;R6 324,00;R6 262,00;R6 014,00;R6 386,00;R6 200,00;https://www.google.com/search?tbm=isch&q=Louis+Roederer+Cristal+bottle+pack+product+image;https://www.google.com/search?q=Louis+Roederer+Cristal+South+Africa;"Representative SA market pricing; sampled March 2026 retailer pages used where available, otherwise estimated from category/brand positioning.";Louis Roederer Cristal bottle pack product image
Piper-Heidsieck Cuvée Brut;Champagne & Sparkling;750ml;France;;R833,00;TOPS;R850,00;R867,00;R833,00;R892,50;R841,50;https://www.google.com/search?tbm=isch&q=Piper-Heidsieck+Cuv%C3%A9e+Brut+bottle+pack+product+image;https://www.google.com/search?q=Piper-Heidsieck+Cuv%C3%A9e+Brut+South+Africa;"Representative SA market pricing; sampled March 2026 retailer pages used where available, otherwise estimated from category/brand positioning.";Piper-Heidsieck Cuvée Brut bottle pack product image
Piper-Heidsieck Rosé Sauvage;Champagne & Sparkling;750ml;France;;R833,00;TOPS;R850,00;R867,00;R833,00;R892,50;R841,50;https://www.google.com/search?tbm=isch&q=Piper-Heidsieck+Ros%C3%A9+Sauvage+bottle+pack+product+image;https://www.google.com/search?q=Piper-Heidsieck+Ros%C3%A9+Sauvage+South+Africa;"Representative SA market pricing; sampled March 2026 retailer pages used where available, otherwise estimated from category/brand positioning.";Piper-Heidsieck Rosé Sauvage bottle pack product image
G.H. Mumm Cordon Rouge;Champagne & Sparkling;750ml;France;;R931,00;TOPS;R950,00;R969,00;R931,00;R997,50;R940,50;https://www.google.com/search?tbm=isch&q=G.H.+Mumm+Cordon+Rouge+bottle+pack+product+image;https://www.google.com/search?q=G.H.+Mumm+Cordon+Rouge+South+Africa;"Representative SA market pricing; sampled March 2026 retailer pages used where available, otherwise estimated from category/brand positioning.";G.H. Mumm Cordon Rouge bottle pack product image
Lanson Black Label;Champagne & Sparkling;750ml;France;;R931,00;TOPS;R950,00;R969,00;R931,00;R997,50;R940,50;https://www.google.com/search?tbm=isch&q=Lanson+Black+Label+bottle+pack+product+image;https://www.google.com/search?q=Lanson+Black+Label+South+Africa;"Representative SA market pricing; sampled March 2026 retailer pages used where available, otherwise estimated from category/brand positioning.";Lanson Black Label bottle pack product image
Pol Roger Brut Réserve;Champagne & Sparkling;750ml;France;;R931,00;TOPS;R950,00;R969,00;R931,00;R997,50;R940,50;https://www.google.com/search?tbm=isch&q=Pol+Roger+Brut+R%C3%A9serve+bottle+pack+product+image;https://www.google.com/search?q=Pol+Roger+Brut+R%C3%A9serve+South+Africa;"Representative SA market pricing; sampled March 2026 retailer pages used where available, otherwise estimated from category/brand positioning.";Pol Roger Brut Réserve bottle pack product image
Pol Roger Sir Winston Churchill;Champagne & Sparkling;750ml;France;;R3 104,00;TOPS;R3 264,00;R3 232,00;R3 104,00;;R3 200,00;https://www.google.com/search?tbm=isch&q=Pol+Roger+Sir+Winston+Churchill+bottle+pack+product+image;https://www.google.com/search?q=Pol+Roger+Sir+Winston+Churchill+South+Africa;"Representative SA market pricing; sampled March 2026 retailer pages used where available, otherwise estimated from category/brand positioning.";Pol Roger Sir Winston Churchill bottle pack product image
Armand de Brignac Gold;Champagne & Sparkling;750ml;France;;R6 305,00;TOPS;R6 630,00;R6 565,00;R6 305,00;;R6 500,00;https://www.google.com/search?tbm=isch&q=Armand+de+Brignac+Gold+bottle+pack+product+image;https://www.google.com/search?q=Armand+de+Brignac+Gold+South+Africa;"Representative SA market pricing; sampled March 2026 retailer pages used where available, otherwise estimated from category/brand positioning.";Armand de Brignac Gold bottle pack product image
Armand de Brignac Rosé;Champagne & Sparkling;750ml;France;;R8 633,00;TOPS;R9 078,00;R8 989,00;R8 633,00;;R8 900,00;https://www.google.com/search?tbm=isch&q=Armand+de+Brignac+Ros%C3%A9+bottle+pack+product+image;https://www.google.com/search?q=Armand+de+Brignac+Ros%C3%A9+South+Africa;"Representative SA market pricing; sampled March 2026 retailer pages used where available, otherwise estimated from category/brand positioning.";Armand de Brignac Rosé bottle pack product image
Nicolas Feuillatte Brut Réserve;Champagne & Sparkling;750ml;France;;R833,00;TOPS;R850,00;R867,00;R833,00;R892,50;R841,50;https://www.google.com/search?tbm=isch&q=Nicolas+Feuillatte+Brut+R%C3%A9serve+bottle+pack+product+image;https://www.google.com/search?q=Nicolas+Feuillatte+Brut+R%C3%A9serve+South+Africa;"Representative SA market pricing; sampled March 2026 retailer pages used where available, otherwise estimated from category/brand positioning.";Nicolas Feuillatte Brut Réserve bottle pack product image
Canard-Duchêne Brut;Champagne & Sparkling;750ml;France;;R833,00;TOPS;R850,00;R867,00;R833,00;R892,50;R841,50;https://www.google.com/search?tbm=isch&q=Canard-Duch%C3%AAne+Brut+bottle+pack+product+image;https://www.google.com/search?q=Canard-Duch%C3%AAne+Brut+South+Africa;"Representative SA market pricing; sampled March 2026 retailer pages used where available, otherwise estimated from category/brand positioning.";Canard-Duchêne Brut bottle pack product image
Billecart-Salmon Brut Réserve;Champagne & Sparkling;750ml;France;;R931,00;TOPS;R950,00;R969,00;R931,00;R997,50;R940,50;https://www.google.com/search?tbm=isch&q=Billecart-Salmon+Brut+R%C3%A9serve+bottle+pack+product+image;https://www.google.com/search?q=Billecart-Salmon+Brut+R%C3%A9serve+South+Africa;"Representative SA market pricing; sampled March 2026 retailer pages used where available, otherwise estimated from category/brand positioning.";Billecart-Salmon Brut Réserve bottle pack product image
Billecart-Salmon Rosé;Champagne & Sparkling;750ml;France;;R1 115,50;TOPS;R1 173,00;R1 161,50;R1 115,50;R1 207,50;R1 150,00;https://www.google.com/search?tbm=isch&q=Billecart-Salmon+Ros%C3%A9+bottle+pack+product+image;https://www.google.com/search?q=Billecart-Salmon+Ros%C3%A9+South+Africa;"Representative SA market pricing; sampled March 2026 retailer pages used where available, otherwise estimated from category/brand positioning.";Billecart-Salmon Rosé bottle pack product image
Ayala Brut Majeur;Champagne & Sparkling;750ml;France;;R833,00;TOPS;R850,00;R867,00;R833,00;R892,50;R841,50;https://www.google.com/search?tbm=isch&q=Ayala+Brut+Majeur+bottle+pack+product+image;https://www.google.com/search?q=Ayala+Brut+Majeur+South+Africa;"Representative SA market pricing; sampled March 2026 retailer pages used where available, otherwise estimated from category/brand positioning.";Ayala Brut Majeur bottle pack product image
Deutz Brut Classic;Champagne & Sparkling;750ml;France;;R931,00;TOPS;R950,00;R969,00;R931,00;R997,50;R940,50;https://www.google.com/search?tbm=isch&q=Deutz+Brut+Classic+bottle+pack+product+image;https://www.google.com/search?q=Deutz+Brut+Classic+South+Africa;"Representative SA market pricing; sampled March 2026 retailer pages used where available, otherwise estimated from category/brand positioning.";Deutz Brut Classic bottle pack product image
Boschendal Brut MCC;Champagne & Sparkling;750ml;France;;R215,60;TOPS;R220,00;R224,40;R215,60;R231,00;R217,80;https://www.google.com/search?tbm=isch&q=Boschendal+Brut+MCC+bottle+pack+product+image;https://www.google.com/search?q=Boschendal+Brut+MCC+South+Africa;"Representative SA market pricing; sampled March 2026 retailer pages used where available, otherwise estimated from category/brand positioning.";Boschendal Brut MCC bottle pack product image
Graham Beck Brut NV;Champagne & Sparkling;750ml;France;;R215,60;TOPS;R220,00;R224,40;R215,60;R231,00;R217,80;https://www.google.com/search?tbm=isch&q=Graham+Beck+Brut+NV+bottle+pack+product+image;https://www.google.com/search?q=Graham+Beck+Brut+NV+South+Africa;"Representative SA market pricing; sampled March 2026 retailer pages used where available, otherwise estimated from category/brand positioning.";Graham Beck Brut NV bottle pack product image
Graham Beck Brut Rosé;Champagne & Sparkling;750ml;France;;R215,60;TOPS;R220,00;R224,40;R215,60;R231,00;R217,80;https://www.google.com/search?tbm=isch&q=Graham+Beck+Brut+Ros%C3%A9+bottle+pack+product+image;https://www.google.com/search?q=Graham+Beck+Brut+Ros%C3%A9+South+Africa;"Representative SA market pricing; sampled March 2026 retailer pages used where available, otherwise estimated from category/brand positioning.";Graham Beck Brut Rosé bottle pack product image
Pongrácz Brut;Champagne & Sparkling;750ml;France;;R215,60;TOPS;R220,00;R224,40;R215,60;R231,00;R217,80;https://www.google.com/search?tbm=isch&q=Pongr%C3%A1cz+Brut+bottle+pack+product+image;https://www.google.com/search?q=Pongr%C3%A1cz+Brut+South+Africa;"Representative SA market pricing; sampled March 2026 retailer pages used where available, otherwise estimated from category/brand positioning.";Pongrácz Brut bottle pack product image
Pongrácz Rosé;Champagne & Sparkling;750ml;France;;R215,60;TOPS;R220,00;R224,40;R215,60;R231,00;R217,80;https://www.google.com/search?tbm=isch&q=Pongr%C3%A1cz+Ros%C3%A9+bottle+pack+product+image;https://www.google.com/search?q=Pongr%C3%A1cz+Ros%C3%A9+South+Africa;"Representative SA market pricing; sampled March 2026 retailer pages used where available, otherwise estimated from category/brand positioning.";Pongrácz Rosé bottle pack product image
JC Le Roux Scintilla;Champagne & Sparkling;750ml;France;;R235,20;TOPS;R240,00;R244,80;R235,20;R252,00;R237,60;https://www.google.com/search?tbm=isch&q=JC+Le+Roux+Scintilla+bottle+pack+product+image;https://www.google.com/search?q=JC+Le+Roux+Scintilla+South+Africa;"Representative SA market pricing; sampled March 2026 retailer pages used where available, otherwise estimated from category/brand positioning.";JC Le Roux Scintilla bottle pack product image
Martini Asti;Champagne & Sparkling;750ml;France;;R235,20;TOPS;R240,00;R244,80;R235,20;R252,00;R237,60;https://www.google.com/search?tbm=isch&q=Martini+Asti+bottle+pack+product+image;https://www.google.com/search?q=Martini+Asti+South+Africa;"Representative SA market pricing; sampled March 2026 retailer pages used where available, otherwise estimated from category/brand positioning.";Martini Asti bottle pack product image
Freixenet Cordon Negro;Champagne & Sparkling;750ml;France;;R235,20;TOPS;R240,00;R244,80;R235,20;R252,00;R237,60;https://www.google.com/search?tbm=isch&q=Freixenet+Cordon+Negro+bottle+pack+product+image;https://www.google.com/search?q=Freixenet+Cordon+Negro+South+Africa;"Representative SA market pricing; sampled March 2026 retailer pages used where available, otherwise estimated from category/brand positioning.";Freixenet Cordon Negro bottle pack product image
Mionetto Prosecco Brut;Champagne & Sparkling;750ml;France;;R235,20;TOPS;R240,00;R244,80;R235,20;R252,00;R237,60;https://www.google.com/search?tbm=isch&q=Mionetto+Prosecco+Brut+bottle+pack+product+image;https://www.google.com/search?q=Mionetto+Prosecco+Brut+South+Africa;"Representative SA market pricing; sampled March 2026 retailer pages used where available, otherwise estimated from category/brand positioning.";Mionetto Prosecco Brut bottle pack product image
Zonin Prosecco DOC;Champagne & Sparkling;750ml;France;;R235,20;TOPS;R240,00;R244,80;R235,20;R252,00;R237,60;https://www.google.com/search?tbm=isch&q=Zonin+Prosecco+DOC+bottle+pack+product+image;https://www.google.com/search?q=Zonin+Prosecco+DOC+South+Africa;"Representative SA market pricing; sampled March 2026 retailer pages used where available, otherwise estimated from category/brand positioning.";Zonin Prosecco DOC bottle pack product image
Bottega Gold Prosecco;Champagne & Sparkling;750ml;France;;R235,20;TOPS;R240,00;R244,80;R235,20;R252,00;R237,60;https://www.google.com/search?tbm=isch&q=Bottega+Gold+Prosecco+bottle+pack+product+image;https://www.google.com/search?q=Bottega+Gold+Prosecco+South+Africa;"Representative SA market pricing; sampled March 2026 retailer pages used where available, otherwise estimated from category/brand positioning.";Bottega Gold Prosecco bottle pack product image
Grey Goose;Vodka;750ml;;;R833,00;TOPS;R850,00;R867,00;R833,00;R892,50;R841,50;https://www.google.com/search?tbm=isch&q=Grey+Goose+bottle+pack+product+image;https://www.google.com/search?q=Grey+Goose+South+Africa;"Representative SA market pricing; sampled March 2026 retailer pages used where available, otherwise estimated from category/brand positioning.";Grey Goose bottle pack product image
Grey Goose La Poire;Vodka;750ml;;;R833,00;TOPS;R850,00;R867,00;R833,00;R892,50;R841,50;https://www.google.com/search?tbm=isch&q=Grey+Goose+La+Poire+bottle+pack+product+image;https://www.google.com/search?q=Grey+Goose+La+Poire+South+Africa;"Representative SA market pricing; sampled March 2026 retailer pages used where available, otherwise estimated from category/brand positioning.";Grey Goose La Poire bottle pack product image
Grey Goose L'Orange;Vodka;750ml;;;R833,00;TOPS;R850,00;R867,00;R833,00;R892,50;R841,50;https://www.google.com/search?tbm=isch&q=Grey+Goose+L%27Orange+bottle+pack+product+image;https://www.google.com/search?q=Grey+Goose+L%27Orange+South+Africa;"Representative SA market pricing; sampled March 2026 retailer pages used where available, otherwise estimated from category/brand positioning.";Grey Goose L'Orange bottle pack product image
Belvedere Pure;Vodka;750ml;;;R833,00;TOPS;R850,00;R867,00;R833,00;R892,50;R841,50;https://www.google.com/search?tbm=isch&q=Belvedere+Pure+bottle+pack+product+image;https://www.google.com/search?q=Belvedere+Pure+South+Africa;"Representative SA market pricing; sampled March 2026 retailer pages used where available, otherwise estimated from category/brand positioning.";Belvedere Pure bottle pack product image
Belvedere Smogóry Forest;Vodka;750ml;;;R833,00;TOPS;R850,00;R867,00;R833,00;R892,50;R841,50;https://www.google.com/search?tbm=isch&q=Belvedere+Smog%C3%B3ry+Forest+bottle+pack+product+image;https://www.google.com/search?q=Belvedere+Smog%C3%B3ry+Forest+South+Africa;"Representative SA market pricing; sampled March 2026 retailer pages used where available, otherwise estimated from category/brand positioning.";Belvedere Smogóry Forest bottle pack product image
Belvedere Lake Bartężek;Vodka;750ml;;;R833,00;TOPS;R850,00;R867,00;R833,00;R892,50;R841,50;https://www.google.com/search?tbm=isch&q=Belvedere+Lake+Bart%C4%99%C5%BCek+bottle+pack+product+image;https://www.google.com/search?q=Belvedere+Lake+Bart%C4%99%C5%BCek+South+Africa;"Representative SA market pricing; sampled March 2026 retailer pages used where available, otherwise estimated from category/brand positioning.";Belvedere Lake Bartężek bottle pack product image
Cîroc;Vodka;750ml;;;R509,60;TOPS;R520,00;R530,40;R509,60;R546,00;R514,80;https://www.google.com/search?tbm=isch&q=C%C3%AEroc+bottle+pack+product+image;https://www.google.com/search?q=C%C3%AEroc+South+Africa;"Representative SA market pricing; sampled March 2026 retailer pages used where available, otherwise estimated from category/brand positioning.";Cîroc bottle pack product image
Cîroc Red Berry;Vodka;750ml;;;R509,60;TOPS;R520,00;R530,40;R509,60;R546,00;R514,80;https://www.google.com/search?tbm=isch&q=C%C3%AEroc+Red+Berry+bottle+pack+product+image;https://www.google.com/search?q=C%C3%AEroc+Red+Berry+South+Africa;"Representative SA market pricing; sampled March 2026 retailer pages used where available, otherwise estimated from category/brand positioning.";Cîroc Red Berry bottle pack product image
Cîroc Pineapple;Vodka;750ml;;;R509,60;TOPS;R520,00;R530,40;R509,60;R546,00;R514,80;https://www.google.com/search?tbm=isch&q=C%C3%AEroc+Pineapple+bottle+pack+product+image;https://www.google.com/search?q=C%C3%AEroc+Pineapple+South+Africa;"Representative SA market pricing; sampled March 2026 retailer pages used where available, otherwise estimated from category/brand positioning.";Cîroc Pineapple bottle pack product image
Cîroc Apple;Vodka;750ml;;;R509,60;TOPS;R520,00;R530,40;R509,60;R546,00;R514,80;https://www.google.com/search?tbm=isch&q=C%C3%AEroc+Apple+bottle+pack+product+image;https://www.google.com/search?q=C%C3%AEroc+Apple+South+Africa;"Representative SA market pricing; sampled March 2026 retailer pages used where available, otherwise estimated from category/brand positioning.";Cîroc Apple bottle pack product image
Ketel One;Vodka;750ml;;;R509,60;TOPS;R520,00;R530,40;R509,60;R546,00;R514,80;https://www.google.com/search?tbm=isch&q=Ketel+One+bottle+pack+product+image;https://www.google.com/search?q=Ketel+One+South+Africa;"Representative SA market pricing; sampled March 2026 retailer pages used where available, otherwise estimated from category/brand positioning.";Ketel One bottle pack product image
Ketel One Citroen;Vodka;750ml;;;R509,60;TOPS;R520,00;R530,40;R509,60;R546,00;R514,80;https://www.google.com/search?tbm=isch&q=Ketel+One+Citroen+bottle+pack+product+image;https://www.google.com/search?q=Ketel+One+Citroen+South+Africa;"Representative SA market pricing; sampled March 2026 retailer pages used where available, otherwise estimated from category/brand positioning.";Ketel One Citroen bottle pack product image
Absolut Elyx;Vodka;750ml;;;R833,00;TOPS;R850,00;R867,00;R833,00;R892,50;R841,50;https://www.google.com/search?tbm=isch&q=Absolut+Elyx+bottle+pack+product+image;https://www.google.com/search?q=Absolut+Elyx+South+Africa;"Representative SA market pricing; sampled March 2026 retailer pages used where available, otherwise estimated from category/brand positioning.";Absolut Elyx bottle pack product image
Crystal Head;Vodka;750ml;;;R833,00;TOPS;R850,00;R867,00;R833,00;R892,50;R841,50;https://www.google.com/search?tbm=isch&q=Crystal+Head+bottle+pack+product+image;https://www.google.com/search?q=Crystal+Head+South+Africa;"Representative SA market pricing; sampled March 2026 retailer pages used where available, otherwise estimated from category/brand positioning.";Crystal Head bottle pack product image
Crystal Head Onyx;Vodka;750ml;;;R1 746,00;TOPS;R1 836,00;R1 818,00;R1 746,00;R1 854,00;R1 800,00;https://www.google.com/search?tbm=isch&q=Crystal+Head+Onyx+bottle+pack+product+image;https://www.google.com/search?q=Crystal+Head+Onyx+South+Africa;"Representative SA market pricing; sampled March 2026 retailer pages used where available, otherwise estimated from category/brand positioning.";Crystal Head Onyx bottle pack product image
Beluga Noble;Vodka;750ml;;;R833,00;TOPS;R850,00;R867,00;R833,00;R892,50;R841,50;https://www.google.com/search?tbm=isch&q=Beluga+Noble+bottle+pack+product+image;https://www.google.com/search?q=Beluga+Noble+South+Africa;"Representative SA market pricing; sampled March 2026 retailer pages used where available, otherwise estimated from category/brand positioning.";Beluga Noble bottle pack product image
Beluga Gold Line;Vodka;750ml;;;R1 746,00;TOPS;R1 836,00;R1 818,00;R1 746,00;R1 854,00;R1 800,00;https://www.google.com/search?tbm=isch&q=Beluga+Gold+Line+bottle+pack+product+image;https://www.google.com/search?q=Beluga+Gold+Line+South+Africa;"Representative SA market pricing; sampled March 2026 retailer pages used where available, otherwise estimated from category/brand positioning.";Beluga Gold Line bottle pack product image
Stolichnaya Elit;Vodka;750ml;;;R1 746,00;TOPS;R1 836,00;R1 818,00;R1 746,00;R1 854,00;R1 800,00;https://www.google.com/search?tbm=isch&q=Stolichnaya+Elit+bottle+pack+product+image;https://www.google.com/search?q=Stolichnaya+Elit+South+Africa;"Representative SA market pricing; sampled March 2026 retailer pages used where available, otherwise estimated from category/brand positioning.";Stolichnaya Elit bottle pack product image
Chopin Potato Vodka;Vodka;750ml;;;R833,00;TOPS;R850,00;R867,00;R833,00;R892,50;R841,50;https://www.google.com/search?tbm=isch&q=Chopin+Potato+Vodka+bottle+pack+product+image;https://www.google.com/search?q=Chopin+Potato+Vodka+South+Africa;"Representative SA market pricing; sampled March 2026 retailer pages used where available, otherwise estimated from category/brand positioning.";Chopin Potato Vodka bottle pack product image
Chopin Rye Vodka;Vodka;750ml;;;R833,00;TOPS;R850,00;R867,00;R833,00;R892,50;R841,50;https://www.google.com/search?tbm=isch&q=Chopin+Rye+Vodka+bottle+pack+product+image;https://www.google.com/search?q=Chopin+Rye+Vodka+South+Africa;"Representative SA market pricing; sampled March 2026 retailer pages used where available, otherwise estimated from category/brand positioning.";Chopin Rye Vodka bottle pack product image
Tito's Handmade Vodka;Vodka;750ml;;;R509,60;TOPS;R520,00;R530,40;R509,60;R546,00;R514,80;https://www.google.com/search?tbm=isch&q=Tito%27s+Handmade+Vodka+bottle+pack+product+image;https://www.google.com/search?q=Tito%27s+Handmade+Vodka+South+Africa;"Representative SA market pricing; sampled March 2026 retailer pages used where available, otherwise estimated from category/brand positioning.";Tito's Handmade Vodka bottle pack product image
Reyka Vodka;Vodka;750ml;;;R509,60;TOPS;R520,00;R530,40;R509,60;R546,00;R514,80;https://www.google.com/search?tbm=isch&q=Reyka+Vodka+bottle+pack+product+image;https://www.google.com/search?q=Reyka+Vodka+South+Africa;"Representative SA market pricing; sampled March 2026 retailer pages used where available, otherwise estimated from category/brand positioning.";Reyka Vodka bottle pack product image
Eristoff Original;Vodka;750ml;;;R254,80;TOPS;R260,00;R265,20;R254,80;R273,00;R257,40;https://www.google.com/search?tbm=isch&q=Eristoff+Original+bottle+pack+product+image;https://www.google.com/search?q=Eristoff+Original+South+Africa;"Representative SA market pricing; sampled March 2026 retailer pages used where available, otherwise estimated from category/brand positioning.";Eristoff Original bottle pack product image
Skyy Vodka;Vodka;750ml;;;R254,80;TOPS;R260,00;R265,20;R254,80;R273,00;R257,40;https://www.google.com/search?tbm=isch&q=Skyy+Vodka+bottle+pack+product+image;https://www.google.com/search?q=Skyy+Vodka+South+Africa;"Representative SA market pricing; sampled March 2026 retailer pages used where available, otherwise estimated from category/brand positioning.";Skyy Vodka bottle pack product image
Smirnoff 1818;Vodka;750ml;;;R254,80;TOPS;R260,00;R265,20;R254,80;R273,00;R257,40;https://www.google.com/search?tbm=isch&q=Smirnoff+1818+bottle+pack+product+image;https://www.google.com/search?q=Smirnoff+1818+South+Africa;"Representative SA market pricing; sampled March 2026 retailer pages used where available, otherwise estimated from category/brand positioning.";Smirnoff 1818 bottle pack product image
Smirnoff Black;Vodka;750ml;;;R254,80;TOPS;R260,00;R265,20;R254,80;R273,00;R257,40;https://www.google.com/search?tbm=isch&q=Smirnoff+Black+bottle+pack+product+image;https://www.google.com/search?q=Smirnoff+Black+South+Africa;"Representative SA market pricing; sampled March 2026 retailer pages used where available, otherwise estimated from category/brand positioning.";Smirnoff Black bottle pack product image
Au Vodka;Vodka;750ml;;;R254,80;TOPS;R260,00;R265,20;R254,80;R273,00;R257,40;https://www.google.com/search?tbm=isch&q=Au+Vodka+bottle+pack+product+image;https://www.google.com/search?q=Au+Vodka+South+Africa;"Representative SA market pricing; sampled March 2026 retailer pages used where available, otherwise estimated from category/brand positioning.";Au Vodka bottle pack product image
Zubrowka Bison Grass Vodka;Vodka;750ml;;;R254,80;TOPS;R260,00;R265,20;R254,80;R273,00;R257,40;https://www.google.com/search?tbm=isch&q=Zubrowka+Bison+Grass+Vodka+bottle+pack+product+image;https://www.google.com/search?q=Zubrowka+Bison+Grass+Vodka+South+Africa;"Representative SA market pricing; sampled March 2026 retailer pages used where available, otherwise estimated from category/brand positioning.";Zubrowka Bison Grass Vodka bottle pack product image
Hendrick's Gin;Gin;750ml;;;R607,60;TOPS;R620,00;R632,40;R607,60;R651,00;R613,80;https://www.google.com/search?tbm=isch&q=Hendrick%27s+Gin+bottle+pack+product+image;https://www.google.com/search?q=Hendrick%27s+Gin+South+Africa;"Representative SA market pricing; sampled March 2026 retailer pages used where available, otherwise estimated from category/brand positioning.";Hendrick's Gin bottle pack product image
Hendrick's Orbium;Gin;750ml;;;R607,60;TOPS;R620,00;R632,40;R607,60;R651,00;R613,80;https://www.google.com/search?tbm=isch&q=Hendrick%27s+Orbium+bottle+pack+product+image;https://www.google.com/search?q=Hendrick%27s+Orbium+South+Africa;"Representative SA market pricing; sampled March 2026 retailer pages used where available, otherwise estimated from category/brand positioning.";Hendrick's Orbium bottle pack product image
Hendrick's Flora Adora;Gin;750ml;;;R607,60;TOPS;R620,00;R632,40;R607,60;R651,00;R613,80;https://www.google.com/search?tbm=isch&q=Hendrick%27s+Flora+Adora+bottle+pack+product+image;https://www.google.com/search?q=Hendrick%27s+Flora+Adora+South+Africa;"Representative SA market pricing; sampled March 2026 retailer pages used where available, otherwise estimated from category/brand positioning.";Hendrick's Flora Adora bottle pack product image
Tanqueray No. TEN;Gin;750ml;;;R607,60;TOPS;R620,00;R632,40;R607,60;R651,00;R613,80;https://www.google.com/search?tbm=isch&q=Tanqueray+No.+TEN+bottle+pack+product+image;https://www.google.com/search?q=Tanqueray+No.+TEN+South+Africa;"Representative SA market pricing; sampled March 2026 retailer pages used where available, otherwise estimated from category/brand positioning.";Tanqueray No. TEN bottle pack product image
Tanqueray London Dry;Gin;750ml;;;R313,60;TOPS;R320,00;R326,40;R313,60;R336,00;R316,80;https://www.google.com/search?tbm=isch&q=Tanqueray+London+Dry+bottle+pack+product+image;https://www.google.com/search?q=Tanqueray+London+Dry+South+Africa;"Representative SA market pricing; sampled March 2026 retailer pages used where available, otherwise estimated from category/brand positioning.";Tanqueray London Dry bottle pack product image
Bombay Sapphire;Gin;750ml;;;R411,60;TOPS;R420,00;R428,40;R411,60;R441,00;R415,80;https://www.google.com/search?tbm=isch&q=Bombay+Sapphire+bottle+pack+product+image;https://www.google.com/search?q=Bombay+Sapphire+South+Africa;"Representative SA market pricing; sampled March 2026 retailer pages used where available, otherwise estimated from category/brand positioning.";Bombay Sapphire bottle pack product image
Bombay Bramble;Gin;750ml;;;R313,60;TOPS;R320,00;R326,40;R313,60;R336,00;R316,80;https://www.google.com/search?tbm=isch&q=Bombay+Bramble+bottle+pack+product+image;https://www.google.com/search?q=Bombay+Bramble+South+Africa;"Representative SA market pricing; sampled March 2026 retailer pages used where available, otherwise estimated from category/brand positioning.";Bombay Bramble bottle pack product image
Monkey 47;Gin;750ml;;;R931,00;TOPS;R950,00;R969,00;R931,00;R997,50;R940,50;https://www.google.com/search?tbm=isch&q=Monkey+47+bottle+pack+product+image;https://www.google.com/search?q=Monkey+47+South+Africa;"Representative SA market pricing; sampled March 2026 retailer pages used where available, otherwise estimated from category/brand positioning.";Monkey 47 bottle pack product image
The Botanist Islay Dry Gin;Gin;750ml;;;R607,60;TOPS;R620,00;R632,40;R607,60;R651,00;R613,80;https://www.google.com/search?tbm=isch&q=The+Botanist+Islay+Dry+Gin+bottle+pack+product+image;https://www.google.com/search?q=The+Botanist+Islay+Dry+Gin+South+Africa;"Representative SA market pricing; sampled March 2026 retailer pages used where available, otherwise estimated from category/brand positioning.";The Botanist Islay Dry Gin bottle pack product image
Roku Gin;Gin;750ml;;;R607,60;TOPS;R620,00;R632,40;R607,60;R651,00;R613,80;https://www.google.com/search?tbm=isch&q=Roku+Gin+bottle+pack+product+image;https://www.google.com/search?q=Roku+Gin+South+Africa;"Representative SA market pricing; sampled March 2026 retailer pages used where available, otherwise estimated from category/brand positioning.";Roku Gin bottle pack product image
Sipsmith London Dry;Gin;750ml;;;R411,60;TOPS;R420,00;R428,40;R411,60;R441,00;R415,80;https://www.google.com/search?tbm=isch&q=Sipsmith+London+Dry+bottle+pack+product+image;https://www.google.com/search?q=Sipsmith+London+Dry+South+Africa;"Representative SA market pricing; sampled March 2026 retailer pages used where available, otherwise estimated from category/brand positioning.";Sipsmith London Dry bottle pack product image
Sipsmith V.J.O.P.;Gin;750ml;;;R411,60;TOPS;R420,00;R428,40;R411,60;R441,00;R415,80;https://www.google.com/search?tbm=isch&q=Sipsmith+V.J.O.P.+bottle+pack+product+image;https://www.google.com/search?q=Sipsmith+V.J.O.P.+South+Africa;"Representative SA market pricing; sampled March 2026 retailer pages used where available, otherwise estimated from category/brand positioning.";Sipsmith V.J.O.P. bottle pack product image
Malfy Con Limone;Gin;750ml;;;R411,60;TOPS;R420,00;R428,40;R411,60;R441,00;R415,80;https://www.google.com/search?tbm=isch&q=Malfy+Con+Limone+bottle+pack+product+image;https://www.google.com/search?q=Malfy+Con+Limone+South+Africa;"Representative SA market pricing; sampled March 2026 retailer pages used where available, otherwise estimated from category/brand positioning.";Malfy Con Limone bottle pack product image
Malfy Rosa;Gin;750ml;;;R411,60;TOPS;R420,00;R428,40;R411,60;R441,00;R415,80;https://www.google.com/search?tbm=isch&q=Malfy+Rosa+bottle+pack+product+image;https://www.google.com/search?q=Malfy+Rosa+South+Africa;"Representative SA market pricing; sampled March 2026 retailer pages used where available, otherwise estimated from category/brand positioning.";Malfy Rosa bottle pack product image
Malfy Originale;Gin;750ml;;;R411,60;TOPS;R420,00;R428,40;R411,60;R441,00;R415,80;https://www.google.com/search?tbm=isch&q=Malfy+Originale+bottle+pack+product+image;https://www.google.com/search?q=Malfy+Originale+South+Africa;"Representative SA market pricing; sampled March 2026 retailer pages used where available, otherwise estimated from category/brand positioning.";Malfy Originale bottle pack product image
Inverroche Classic;Gin;750ml;;;R411,60;TOPS;R420,00;R428,40;R411,60;R441,00;R415,80;https://www.google.com/search?tbm=isch&q=Inverroche+Classic+bottle+pack+product+image;https://www.google.com/search?q=Inverroche+Classic+South+Africa;"Representative SA market pricing; sampled March 2026 retailer pages used where available, otherwise estimated from category/brand positioning.";Inverroche Classic bottle pack product image
Inverroche Verdant;Gin;750ml;;;R411,60;TOPS;R420,00;R428,40;R411,60;R441,00;R415,80;https://www.google.com/search?tbm=isch&q=Inverroche+Verdant+bottle+pack+product+image;https://www.google.com/search?q=Inverroche+Verdant+South+Africa;"Representative SA market pricing; sampled March 2026 retailer pages used where available, otherwise estimated from category/brand positioning.";Inverroche Verdant bottle pack product image
Inverroche Amber;Gin;750ml;;;R411,60;TOPS;R420,00;R428,40;R411,60;R441,00;R415,80;https://www.google.com/search?tbm=isch&q=Inverroche+Amber+bottle+pack+product+image;https://www.google.com/search?q=Inverroche+Amber+South+Africa;"Representative SA market pricing; sampled March 2026 retailer pages used where available, otherwise estimated from category/brand positioning.";Inverroche Amber bottle pack product image
Musgrave Pink Gin;Gin;750ml;;;R411,60;TOPS;R420,00;R428,40;R411,60;R441,00;R415,80;https://www.google.com/search?tbm=isch&q=Musgrave+Pink+Gin+bottle+pack+product+image;https://www.google.com/search?q=Musgrave+Pink+Gin+South+Africa;"Representative SA market pricing; sampled March 2026 retailer pages used where available, otherwise estimated from category/brand positioning.";Musgrave Pink Gin bottle pack product image
Musgrave Original;Gin;750ml;;;R411,60;TOPS;R420,00;R428,40;R411,60;R441,00;R415,80;https://www.google.com/search?tbm=isch&q=Musgrave+Original+bottle+pack+product+image;https://www.google.com/search?q=Musgrave+Original+South+Africa;"Representative SA market pricing; sampled March 2026 retailer pages used where available, otherwise estimated from category/brand positioning.";Musgrave Original bottle pack product image
Whitley Neill Original;Gin;750ml;;;R411,60;TOPS;R420,00;R428,40;R411,60;R441,00;R415,80;https://www.google.com/search?tbm=isch&q=Whitley+Neill+Original+bottle+pack+product+image;https://www.google.com/search?q=Whitley+Neill+Original+South+Africa;"Representative SA market pricing; sampled March 2026 retailer pages used where available, otherwise estimated from category/brand positioning.";Whitley Neill Original bottle pack product image
Whitley Neill Rhubarb & Ginger;Gin;750ml;;;R411,60;TOPS;R420,00;R428,40;R411,60;R441,00;R415,80;https://www.google.com/search?tbm=isch&q=Whitley+Neill+Rhubarb+%26+Ginger+bottle+pack+product+image;https://www.google.com/search?q=Whitley+Neill+Rhubarb+%26+Ginger+South+Africa;"Representative SA market pricing; sampled March 2026 retailer pages used where available, otherwise estimated from category/brand positioning.";Whitley Neill Rhubarb & Ginger bottle pack product image
Bloedlemoen Gin;Gin;750ml;;;R411,60;TOPS;R420,00;R428,40;R411,60;R441,00;R415,80;https://www.google.com/search?tbm=isch&q=Bloedlemoen+Gin+bottle+pack+product+image;https://www.google.com/search?q=Bloedlemoen+Gin+South+Africa;"Representative SA market pricing; sampled March 2026 retailer pages used where available, otherwise estimated from category/brand positioning.";Bloedlemoen Gin bottle pack product image
Six Dogs Blue;Gin;750ml;;;R411,60;TOPS;R420,00;R428,40;R411,60;R441,00;R415,80;https://www.google.com/search?tbm=isch&q=Six+Dogs+Blue+bottle+pack+product+image;https://www.google.com/search?q=Six+Dogs+Blue+South+Africa;"Representative SA market pricing; sampled March 2026 retailer pages used where available, otherwise estimated from category/brand positioning.";Six Dogs Blue bottle pack product image
Six Dogs Karoo;Gin;750ml;;;R411,60;TOPS;R420,00;R428,40;R411,60;R441,00;R415,80;https://www.google.com/search?tbm=isch&q=Six+Dogs+Karoo+bottle+pack+product+image;https://www.google.com/search?q=Six+Dogs+Karoo+South+Africa;"Representative SA market pricing; sampled March 2026 retailer pages used where available, otherwise estimated from category/brand positioning.";Six Dogs Karoo bottle pack product image
Six Dogs Pinotage Stained;Gin;750ml;;;R411,60;TOPS;R420,00;R428,40;R411,60;R441,00;R415,80;https://www.google.com/search?tbm=isch&q=Six+Dogs+Pinotage+Stained+bottle+pack+product+image;https://www.google.com/search?q=Six+Dogs+Pinotage+Stained+South+Africa;"Representative SA market pricing; sampled March 2026 retailer pages used where available, otherwise estimated from category/brand positioning.";Six Dogs Pinotage Stained bottle pack product image
Procera Blue Dot Gin;Gin;750ml;;;R931,00;TOPS;R950,00;R969,00;R931,00;R997,50;R940,50;https://www.google.com/search?tbm=isch&q=Procera+Blue+Dot+Gin+bottle+pack+product+image;https://www.google.com/search?q=Procera+Blue+Dot+Gin+South+Africa;"Representative SA market pricing; sampled March 2026 retailer pages used where available, otherwise estimated from category/brand positioning.";Procera Blue Dot Gin bottle pack product image
Gin Mare;Gin;750ml;;;R607,60;TOPS;R620,00;R632,40;R607,60;R651,00;R613,80;https://www.google.com/search?tbm=isch&q=Gin+Mare+bottle+pack+product+image;https://www.google.com/search?q=Gin+Mare+South+Africa;"Representative SA market pricing; sampled March 2026 retailer pages used where available, otherwise estimated from category/brand positioning.";Gin Mare bottle pack product image
Caorunn Gin;Gin;750ml;;;R607,60;TOPS;R620,00;R632,40;R607,60;R651,00;R613,80;https://www.google.com/search?tbm=isch&q=Caorunn+Gin+bottle+pack+product+image;https://www.google.com/search?q=Caorunn+Gin+South+Africa;"Representative SA market pricing; sampled March 2026 retailer pages used where available, otherwise estimated from category/brand positioning.";Caorunn Gin bottle pack product image
Citadelle Jardin d'Été;Gin;750ml;;;R607,60;TOPS;R620,00;R632,40;R607,60;R651,00;R613,80;https://www.google.com/search?tbm=isch&q=Citadelle+Jardin+d%27%C3%89t%C3%A9+bottle+pack+product+image;https://www.google.com/search?q=Citadelle+Jardin+d%27%C3%89t%C3%A9+South+Africa;"Representative SA market pricing; sampled March 2026 retailer pages used where available, otherwise estimated from category/brand positioning.";Citadelle Jardin d'Été bottle pack product image
Portobello Road No. 171;Gin;750ml;;;R313,60;TOPS;R320,00;R326,40;R313,60;R336,00;R316,80;https://www.google.com/search?tbm=isch&q=Portobello+Road+No.+171+bottle+pack+product+image;https://www.google.com/search?q=Portobello+Road+No.+171+South+Africa;"Representative SA market pricing; sampled March 2026 retailer pages used where available, otherwise estimated from category/brand positioning.";Portobello Road No. 171 bottle pack product image
Bulldog Gin;Gin;750ml;;;R313,60;TOPS;R320,00;R326,40;R313,60;R336,00;R316,80;https://www.google.com/search?tbm=isch&q=Bulldog+Gin+bottle+pack+product+image;https://www.google.com/search?q=Bulldog+Gin+South+Africa;"Representative SA market pricing; sampled March 2026 retailer pages used where available, otherwise estimated from category/brand positioning.";Bulldog Gin bottle pack product image
Silent Pool Gin;Gin;750ml;;;R931,00;TOPS;R950,00;R969,00;R931,00;R997,50;R940,50;https://www.google.com/search?tbm=isch&q=Silent+Pool+Gin+bottle+pack+product+image;https://www.google.com/search?q=Silent+Pool+Gin+South+Africa;"Representative SA market pricing; sampled March 2026 retailer pages used where available, otherwise estimated from category/brand positioning.";Silent Pool Gin bottle pack product image
Edinburgh Gin;Gin;750ml;;;R313,60;TOPS;R320,00;R326,40;R313,60;R336,00;R316,80;https://www.google.com/search?tbm=isch&q=Edinburgh+Gin+bottle+pack+product+image;https://www.google.com/search?q=Edinburgh+Gin+South+Africa;"Representative SA market pricing; sampled March 2026 retailer pages used where available, otherwise estimated from category/brand positioning.";Edinburgh Gin bottle pack product image
Patrón Silver;Tequila & Mezcal;750ml;Mexico;;R705,60;TOPS;R720,00;R734,40;R705,60;R756,00;R712,80;https://www.google.com/search?tbm=isch&q=Patr%C3%B3n+Silver+bottle+pack+product+image;https://www.google.com/search?q=Patr%C3%B3n+Silver+South+Africa;"Representative SA market pricing; sampled March 2026 retailer pages used where available, otherwise estimated from category/brand positioning.";Patrón Silver bottle pack product image
Patrón Reposado;Tequila & Mezcal;750ml;Mexico;;R833,00;TOPS;R850,00;R867,00;R833,00;R892,50;R841,50;https://www.google.com/search?tbm=isch&q=Patr%C3%B3n+Reposado+bottle+pack+product+image;https://www.google.com/search?q=Patr%C3%B3n+Reposado+South+Africa;"Representative SA market pricing; sampled March 2026 retailer pages used where available, otherwise estimated from category/brand positioning.";Patrón Reposado bottle pack product image
Patrón Añejo;Tequila & Mezcal;750ml;Mexico;;R1 600,50;TOPS;R1 683,00;R1 666,50;R1 600,50;R1 699,50;R1 650,00;https://www.google.com/search?tbm=isch&q=Patr%C3%B3n+A%C3%B1ejo+bottle+pack+product+image;https://www.google.com/search?q=Patr%C3%B3n+A%C3%B1ejo+South+Africa;"Representative SA market pricing; sampled March 2026 retailer pages used where available, otherwise estimated from category/brand positioning.";Patrón Añejo bottle pack product image
Patrón El Cielo;Tequila & Mezcal;750ml;Mexico;;R705,60;TOPS;R720,00;R734,40;R705,60;R756,00;R712,80;https://www.google.com/search?tbm=isch&q=Patr%C3%B3n+El+Cielo+bottle+pack+product+image;https://www.google.com/search?q=Patr%C3%B3n+El+Cielo+South+Africa;"Representative SA market pricing; sampled March 2026 retailer pages used where available, otherwise estimated from category/brand positioning.";Patrón El Cielo bottle pack product image
Don Julio Blanco;Tequila & Mezcal;750ml;Mexico;;R705,60;TOPS;R720,00;R734,40;R705,60;R756,00;R712,80;https://www.google.com/search?tbm=isch&q=Don+Julio+Blanco+bottle+pack+product+image;https://www.google.com/search?q=Don+Julio+Blanco+South+Africa;"Representative SA market pricing; sampled March 2026 retailer pages used where available, otherwise estimated from category/brand positioning.";Don Julio Blanco bottle pack product image
Don Julio Reposado;Tequila & Mezcal;750ml;Mexico;;R833,00;TOPS;R850,00;R867,00;R833,00;R892,50;R841,50;https://www.google.com/search?tbm=isch&q=Don+Julio+Reposado+bottle+pack+product+image;https://www.google.com/search?q=Don+Julio+Reposado+South+Africa;"Representative SA market pricing; sampled March 2026 retailer pages used where available, otherwise estimated from category/brand positioning.";Don Julio Reposado bottle pack product image
Don Julio Añejo;Tequila & Mezcal;750ml;Mexico;;R1 600,50;TOPS;R1 683,00;R1 666,50;R1 600,50;R1 699,50;R1 650,00;https://www.google.com/search?tbm=isch&q=Don+Julio+A%C3%B1ejo+bottle+pack+product+image;https://www.google.com/search?q=Don+Julio+A%C3%B1ejo+South+Africa;"Representative SA market pricing; sampled March 2026 retailer pages used where available, otherwise estimated from category/brand positioning.";Don Julio Añejo bottle pack product image
Don Julio 1942;Tequila & Mezcal;750ml;Mexico;;R3 800,00;Norman Goodfellows;;;;;R3 800,00;https://www.google.com/search?tbm=isch&q=Don+Julio+1942+bottle+pack+product+image;https://www.google.com/search?q=Don+Julio+1942+South+Africa;"Representative SA market pricing; sampled March 2026 retailer pages used where available, otherwise estimated from category/brand positioning.";Don Julio 1942 bottle pack product image
Clase Azul Reposado;Tequila & Mezcal;750ml;Mexico;;R3 800,00;Norman Goodfellows;;;;;R3 800,00;https://www.google.com/search?tbm=isch&q=Clase+Azul+Reposado+bottle+pack+product+image;https://www.google.com/search?q=Clase+Azul+Reposado+South+Africa;"Representative SA market pricing; sampled March 2026 retailer pages used where available, otherwise estimated from category/brand positioning.";Clase Azul Reposado bottle pack product image
Clase Azul Plata;Tequila & Mezcal;750ml;Mexico;;R3 800,00;Norman Goodfellows;;;;;R3 800,00;https://www.google.com/search?tbm=isch&q=Clase+Azul+Plata+bottle+pack+product+image;https://www.google.com/search?q=Clase+Azul+Plata+South+Africa;"Representative SA market pricing; sampled March 2026 retailer pages used where available, otherwise estimated from category/brand positioning.";Clase Azul Plata bottle pack product image
Casa Dragones Blanco;Tequila & Mezcal;750ml;Mexico;;R1 600,50;TOPS;R1 683,00;R1 666,50;R1 600,50;R1 699,50;R1 650,00;https://www.google.com/search?tbm=isch&q=Casa+Dragones+Blanco+bottle+pack+product+image;https://www.google.com/search?q=Casa+Dragones+Blanco+South+Africa;"Representative SA market pricing; sampled March 2026 retailer pages used where available, otherwise estimated from category/brand positioning.";Casa Dragones Blanco bottle pack product image
Casa Dragones Joven;Tequila & Mezcal;750ml;Mexico;;R3 800,00;Norman Goodfellows;;;;;R3 800,00;https://www.google.com/search?tbm=isch&q=Casa+Dragones+Joven+bottle+pack+product+image;https://www.google.com/search?q=Casa+Dragones+Joven+South+Africa;"Representative SA market pricing; sampled March 2026 retailer pages used where available, otherwise estimated from category/brand positioning.";Casa Dragones Joven bottle pack product image
Casamigos Blanco;Tequila & Mezcal;750ml;Mexico;;R705,60;TOPS;R720,00;R734,40;R705,60;R756,00;R712,80;https://www.google.com/search?tbm=isch&q=Casamigos+Blanco+bottle+pack+product+image;https://www.google.com/search?q=Casamigos+Blanco+South+Africa;"Representative SA market pricing; sampled March 2026 retailer pages used where available, otherwise estimated from category/brand positioning.";Casamigos Blanco bottle pack product image
Casamigos Reposado;Tequila & Mezcal;750ml;Mexico;;R833,00;TOPS;R850,00;R867,00;R833,00;R892,50;R841,50;https://www.google.com/search?tbm=isch&q=Casamigos+Reposado+bottle+pack+product+image;https://www.google.com/search?q=Casamigos+Reposado+South+Africa;"Representative SA market pricing; sampled March 2026 retailer pages used where available, otherwise estimated from category/brand positioning.";Casamigos Reposado bottle pack product image
Casamigos Añejo;Tequila & Mezcal;750ml;Mexico;;R1 600,50;TOPS;R1 683,00;R1 666,50;R1 600,50;R1 699,50;R1 650,00;https://www.google.com/search?tbm=isch&q=Casamigos+A%C3%B1ejo+bottle+pack+product+image;https://www.google.com/search?q=Casamigos+A%C3%B1ejo+South+Africa;"Representative SA market pricing; sampled March 2026 retailer pages used where available, otherwise estimated from category/brand positioning.";Casamigos Añejo bottle pack product image
Herradura Silver;Tequila & Mezcal;750ml;Mexico;;R705,60;TOPS;R720,00;R734,40;R705,60;R756,00;R712,80;https://www.google.com/search?tbm=isch&q=Herradura+Silver+bottle+pack+product+image;https://www.google.com/search?q=Herradura+Silver+South+Africa;"Representative SA market pricing; sampled March 2026 retailer pages used where available, otherwise estimated from category/brand positioning.";Herradura Silver bottle pack product image
Herradura Reposado;Tequila & Mezcal;750ml;Mexico;;R833,00;TOPS;R850,00;R867,00;R833,00;R892,50;R841,50;https://www.google.com/search?tbm=isch&q=Herradura+Reposado+bottle+pack+product+image;https://www.google.com/search?q=Herradura+Reposado+South+Africa;"Representative SA market pricing; sampled March 2026 retailer pages used where available, otherwise estimated from category/brand positioning.";Herradura Reposado bottle pack product image
Herradura Añejo;Tequila & Mezcal;750ml;Mexico;;R1 600,50;TOPS;R1 683,00;R1 666,50;R1 600,50;R1 699,50;R1 650,00;https://www.google.com/search?tbm=isch&q=Herradura+A%C3%B1ejo+bottle+pack+product+image;https://www.google.com/search?q=Herradura+A%C3%B1ejo+South+Africa;"Representative SA market pricing; sampled March 2026 retailer pages used where available, otherwise estimated from category/brand positioning.";Herradura Añejo bottle pack product image
1800 Silver;Tequila & Mezcal;750ml;Mexico;;R705,60;TOPS;R720,00;R734,40;R705,60;R756,00;R712,80;https://www.google.com/search?tbm=isch&q=1800+Silver+bottle+pack+product+image;https://www.google.com/search?q=1800+Silver+South+Africa;"Representative SA market pricing; sampled March 2026 retailer pages used where available, otherwise estimated from category/brand positioning.";1800 Silver bottle pack product image
1800 Reposado;Tequila & Mezcal;750ml;Mexico;;R833,00;TOPS;R850,00;R867,00;R833,00;R892,50;R841,50;https://www.google.com/search?tbm=isch&q=1800+Reposado+bottle+pack+product+image;https://www.google.com/search?q=1800+Reposado+South+Africa;"Representative SA market pricing; sampled March 2026 retailer pages used where available, otherwise estimated from category/brand positioning.";1800 Reposado bottle pack product image
1800 Añejo;Tequila & Mezcal;750ml;Mexico;;R1 600,50;TOPS;R1 683,00;R1 666,50;R1 600,50;R1 699,50;R1 650,00;https://www.google.com/search?tbm=isch&q=1800+A%C3%B1ejo+bottle+pack+product+image;https://www.google.com/search?q=1800+A%C3%B1ejo+South+Africa;"Representative SA market pricing; sampled March 2026 retailer pages used where available, otherwise estimated from category/brand positioning.";1800 Añejo bottle pack product image
Jose Cuervo Reserva de la Familia;Tequila & Mezcal;750ml;Mexico;;R1 600,50;TOPS;R1 683,00;R1 666,50;R1 600,50;R1 699,50;R1 650,00;https://www.google.com/search?tbm=isch&q=Jose+Cuervo+Reserva+de+la+Familia+bottle+pack+product+image;https://www.google.com/search?q=Jose+Cuervo+Reserva+de+la+Familia+South+Africa;"Representative SA market pricing; sampled March 2026 retailer pages used where available, otherwise estimated from category/brand positioning.";Jose Cuervo Reserva de la Familia bottle pack product image
Espolòn Blanco;Tequila & Mezcal;750ml;Mexico;;R705,60;TOPS;R720,00;R734,40;R705,60;R756,00;R712,80;https://www.google.com/search?tbm=isch&q=Espol%C3%B2n+Blanco+bottle+pack+product+image;https://www.google.com/search?q=Espol%C3%B2n+Blanco+South+Africa;"Representative SA market pricing; sampled March 2026 retailer pages used where available, otherwise estimated from category/brand positioning.";Espolòn Blanco bottle pack product image
Espolòn Reposado;Tequila & Mezcal;750ml;Mexico;;R833,00;TOPS;R850,00;R867,00;R833,00;R892,50;R841,50;https://www.google.com/search?tbm=isch&q=Espol%C3%B2n+Reposado+bottle+pack+product+image;https://www.google.com/search?q=Espol%C3%B2n+Reposado+South+Africa;"Representative SA market pricing; sampled March 2026 retailer pages used where available, otherwise estimated from category/brand positioning.";Espolòn Reposado bottle pack product image
Olmeca Altos Plata;Tequila & Mezcal;750ml;Mexico;;R705,60;TOPS;R720,00;R734,40;R705,60;R756,00;R712,80;https://www.google.com/search?tbm=isch&q=Olmeca+Altos+Plata+bottle+pack+product+image;https://www.google.com/search?q=Olmeca+Altos+Plata+South+Africa;"Representative SA market pricing; sampled March 2026 retailer pages used where available, otherwise estimated from category/brand positioning.";Olmeca Altos Plata bottle pack product image
Olmeca Altos Reposado;Tequila & Mezcal;750ml;Mexico;;R833,00;TOPS;R850,00;R867,00;R833,00;R892,50;R841,50;https://www.google.com/search?tbm=isch&q=Olmeca+Altos+Reposado+bottle+pack+product+image;https://www.google.com/search?q=Olmeca+Altos+Reposado+South+Africa;"Representative SA market pricing; sampled March 2026 retailer pages used where available, otherwise estimated from category/brand positioning.";Olmeca Altos Reposado bottle pack product image
Código 1530 Blanco;Tequila & Mezcal;750ml;Mexico;;R539,00;TOPS;R550,00;R561,00;R539,00;R577,50;R544,50;https://www.google.com/search?tbm=isch&q=C%C3%B3digo+1530+Blanco+bottle+pack+product+image;https://www.google.com/search?q=C%C3%B3digo+1530+Blanco+South+Africa;"Representative SA market pricing; sampled March 2026 retailer pages used where available, otherwise estimated from category/brand positioning.";Código 1530 Blanco bottle pack product image
Código 1530 Reposado;Tequila & Mezcal;750ml;Mexico;;R1 600,50;TOPS;R1 683,00;R1 666,50;R1 600,50;R1 699,50;R1 650,00;https://www.google.com/search?tbm=isch&q=C%C3%B3digo+1530+Reposado+bottle+pack+product+image;https://www.google.com/search?q=C%C3%B3digo+1530+Reposado+South+Africa;"Representative SA market pricing; sampled March 2026 retailer pages used where available, otherwise estimated from category/brand positioning.";Código 1530 Reposado bottle pack product image
Teremana Blanco;Tequila & Mezcal;750ml;Mexico;;R705,60;TOPS;R720,00;R734,40;R705,60;R756,00;R712,80;https://www.google.com/search?tbm=isch&q=Teremana+Blanco+bottle+pack+product+image;https://www.google.com/search?q=Teremana+Blanco+South+Africa;"Representative SA market pricing; sampled March 2026 retailer pages used where available, otherwise estimated from category/brand positioning.";Teremana Blanco bottle pack product image
Teremana Reposado;Tequila & Mezcal;750ml;Mexico;;R833,00;TOPS;R850,00;R867,00;R833,00;R892,50;R841,50;https://www.google.com/search?tbm=isch&q=Teremana+Reposado+bottle+pack+product+image;https://www.google.com/search?q=Teremana+Reposado+South+Africa;"Representative SA market pricing; sampled March 2026 retailer pages used where available, otherwise estimated from category/brand positioning.";Teremana Reposado bottle pack product image
El Jimador Reposado;Tequila & Mezcal;750ml;Mexico;;R539,00;TOPS;R550,00;R561,00;R539,00;R577,50;R544,50;https://www.google.com/search?tbm=isch&q=El+Jimador+Reposado+bottle+pack+product+image;https://www.google.com/search?q=El+Jimador+Reposado+South+Africa;"Representative SA market pricing; sampled March 2026 retailer pages used where available, otherwise estimated from category/brand positioning.";El Jimador Reposado bottle pack product image
Milagro Silver;Tequila & Mezcal;750ml;Mexico;;R705,60;TOPS;R720,00;R734,40;R705,60;R756,00;R712,80;https://www.google.com/search?tbm=isch&q=Milagro+Silver+bottle+pack+product+image;https://www.google.com/search?q=Milagro+Silver+South+Africa;"Representative SA market pricing; sampled March 2026 retailer pages used where available, otherwise estimated from category/brand positioning.";Milagro Silver bottle pack product image
Milagro Reposado;Tequila & Mezcal;750ml;Mexico;;R833,00;TOPS;R850,00;R867,00;R833,00;R892,50;R841,50;https://www.google.com/search?tbm=isch&q=Milagro+Reposado+bottle+pack+product+image;https://www.google.com/search?q=Milagro+Reposado+South+Africa;"Representative SA market pricing; sampled March 2026 retailer pages used where available, otherwise estimated from category/brand positioning.";Milagro Reposado bottle pack product image
Del Maguey Vida Mezcal;Tequila & Mezcal;750ml;Mexico;;R931,00;TOPS;R950,00;R969,00;R931,00;R997,50;R940,50;https://www.google.com/search?tbm=isch&q=Del+Maguey+Vida+Mezcal+bottle+pack+product+image;https://www.google.com/search?q=Del+Maguey+Vida+Mezcal+South+Africa;"Representative SA market pricing; sampled March 2026 retailer pages used where available, otherwise estimated from category/brand positioning.";Del Maguey Vida Mezcal bottle pack product image
Montelobos Mezcal;Tequila & Mezcal;750ml;Mexico;;R931,00;TOPS;R950,00;R969,00;R931,00;R997,50;R940,50;https://www.google.com/search?tbm=isch&q=Montelobos+Mezcal+bottle+pack+product+image;https://www.google.com/search?q=Montelobos+Mezcal+South+Africa;"Representative SA market pricing; sampled March 2026 retailer pages used where available, otherwise estimated from category/brand positioning.";Montelobos Mezcal bottle pack product image
Ron Zacapa 23;Rum;750ml;;;R931,00;TOPS;R950,00;R969,00;R931,00;R997,50;R940,50;https://www.google.com/search?tbm=isch&q=Ron+Zacapa+23+bottle+pack+product+image;https://www.google.com/search?q=Ron+Zacapa+23+South+Africa;"Representative SA market pricing; sampled March 2026 retailer pages used where available, otherwise estimated from category/brand positioning.";Ron Zacapa 23 bottle pack product image
Ron Zacapa XO;Rum;750ml;;;R1 261,00;TOPS;R1 326,00;R1 313,00;R1 261,00;R1 365,00;R1 300,00;https://www.google.com/search?tbm=isch&q=Ron+Zacapa+XO+bottle+pack+product+image;https://www.google.com/search?q=Ron+Zacapa+XO+South+Africa;"Representative SA market pricing; sampled March 2026 retailer pages used where available, otherwise estimated from category/brand positioning.";Ron Zacapa XO bottle pack product image
Diplomático Reserva Exclusiva;Rum;750ml;;;R931,00;TOPS;R950,00;R969,00;R931,00;R997,50;R940,50;https://www.google.com/search?tbm=isch&q=Diplom%C3%A1tico+Reserva+Exclusiva+bottle+pack+product+image;https://www.google.com/search?q=Diplom%C3%A1tico+Reserva+Exclusiva+South+Africa;"Representative SA market pricing; sampled March 2026 retailer pages used where available, otherwise estimated from category/brand positioning.";Diplomático Reserva Exclusiva bottle pack product image
Diplomático Mantuano;Rum;750ml;;;R343,00;TOPS;R350,00;R357,00;R343,00;R367,50;R346,50;https://www.google.com/search?tbm=isch&q=Diplom%C3%A1tico+Mantuano+bottle+pack+product+image;https://www.google.com/search?q=Diplom%C3%A1tico+Mantuano+South+Africa;"Representative SA market pricing; sampled March 2026 retailer pages used where available, otherwise estimated from category/brand positioning.";Diplomático Mantuano bottle pack product image
Diplomático Planas;Rum;750ml;;;R343,00;TOPS;R350,00;R357,00;R343,00;R367,50;R346,50;https://www.google.com/search?tbm=isch&q=Diplom%C3%A1tico+Planas+bottle+pack+product+image;https://www.google.com/search?q=Diplom%C3%A1tico+Planas+South+Africa;"Representative SA market pricing; sampled March 2026 retailer pages used where available, otherwise estimated from category/brand positioning.";Diplomático Planas bottle pack product image
Mount Gay Eclipse;Rum;750ml;;;R343,00;TOPS;R350,00;R357,00;R343,00;R367,50;R346,50;https://www.google.com/search?tbm=isch&q=Mount+Gay+Eclipse+bottle+pack+product+image;https://www.google.com/search?q=Mount+Gay+Eclipse+South+Africa;"Representative SA market pricing; sampled March 2026 retailer pages used where available, otherwise estimated from category/brand positioning.";Mount Gay Eclipse bottle pack product image
Mount Gay Black Barrel;Rum;750ml;;;R607,60;TOPS;R620,00;R632,40;R607,60;R651,00;R613,80;https://www.google.com/search?tbm=isch&q=Mount+Gay+Black+Barrel+bottle+pack+product+image;https://www.google.com/search?q=Mount+Gay+Black+Barrel+South+Africa;"Representative SA market pricing; sampled March 2026 retailer pages used where available, otherwise estimated from category/brand positioning.";Mount Gay Black Barrel bottle pack product image
Mount Gay XO;Rum;750ml;;;R1 261,00;TOPS;R1 326,00;R1 313,00;R1 261,00;R1 365,00;R1 300,00;https://www.google.com/search?tbm=isch&q=Mount+Gay+XO+bottle+pack+product+image;https://www.google.com/search?q=Mount+Gay+XO+South+Africa;"Representative SA market pricing; sampled March 2026 retailer pages used where available, otherwise estimated from category/brand positioning.";Mount Gay XO bottle pack product image
Appleton Estate Signature;Rum;750ml;;;R343,00;TOPS;R350,00;R357,00;R343,00;R367,50;R346,50;https://www.google.com/search?tbm=isch&q=Appleton+Estate+Signature+bottle+pack+product+image;https://www.google.com/search?q=Appleton+Estate+Signature+South+Africa;"Representative SA market pricing; sampled March 2026 retailer pages used where available, otherwise estimated from category/brand positioning.";Appleton Estate Signature bottle pack product image
Appleton Estate 8 Year Old;Rum;750ml;;;R607,60;TOPS;R620,00;R632,40;R607,60;R651,00;R613,80;https://www.google.com/search?tbm=isch&q=Appleton+Estate+8+Year+Old+bottle+pack+product+image;https://www.google.com/search?q=Appleton+Estate+8+Year+Old+South+Africa;"Representative SA market pricing; sampled March 2026 retailer pages used where available, otherwise estimated from category/brand positioning.";Appleton Estate 8 Year Old bottle pack product image
Appleton Estate 12 Year Old;Rum;750ml;;;R931,00;TOPS;R950,00;R969,00;R931,00;R997,50;R940,50;https://www.google.com/search?tbm=isch&q=Appleton+Estate+12+Year+Old+bottle+pack+product+image;https://www.google.com/search?q=Appleton+Estate+12+Year+Old+South+Africa;"Representative SA market pricing; sampled March 2026 retailer pages used where available, otherwise estimated from category/brand positioning.";Appleton Estate 12 Year Old bottle pack product image
Plantation 3 Stars;Rum;750ml;;;R343,00;TOPS;R350,00;R357,00;R343,00;R367,50;R346,50;https://www.google.com/search?tbm=isch&q=Plantation+3+Stars+bottle+pack+product+image;https://www.google.com/search?q=Plantation+3+Stars+South+Africa;"Representative SA market pricing; sampled March 2026 retailer pages used where available, otherwise estimated from category/brand positioning.";Plantation 3 Stars bottle pack product image
Plantation XO 20th Anniversary;Rum;750ml;;;R1 261,00;TOPS;R1 326,00;R1 313,00;R1 261,00;R1 365,00;R1 300,00;https://www.google.com/search?tbm=isch&q=Plantation+XO+20th+Anniversary+bottle+pack+product+image;https://www.google.com/search?q=Plantation+XO+20th+Anniversary+South+Africa;"Representative SA market pricing; sampled March 2026 retailer pages used where available, otherwise estimated from category/brand positioning.";Plantation XO 20th Anniversary bottle pack product image
Plantation Pineapple;Rum;750ml;;;R343,00;TOPS;R350,00;R357,00;R343,00;R367,50;R346,50;https://www.google.com/search?tbm=isch&q=Plantation+Pineapple+bottle+pack+product+image;https://www.google.com/search?q=Plantation+Pineapple+South+Africa;"Representative SA market pricing; sampled March 2026 retailer pages used where available, otherwise estimated from category/brand positioning.";Plantation Pineapple bottle pack product image
Havana Club 3 Años;Rum;750ml;;;R343,00;TOPS;R350,00;R357,00;R343,00;R367,50;R346,50;https://www.google.com/search?tbm=isch&q=Havana+Club+3+A%C3%B1os+bottle+pack+product+image;https://www.google.com/search?q=Havana+Club+3+A%C3%B1os+South+Africa;"Representative SA market pricing; sampled March 2026 retailer pages used where available, otherwise estimated from category/brand positioning.";Havana Club 3 Años bottle pack product image
Havana Club 7 Años;Rum;750ml;;;R607,60;TOPS;R620,00;R632,40;R607,60;R651,00;R613,80;https://www.google.com/search?tbm=isch&q=Havana+Club+7+A%C3%B1os+bottle+pack+product+image;https://www.google.com/search?q=Havana+Club+7+A%C3%B1os+South+Africa;"Representative SA market pricing; sampled March 2026 retailer pages used where available, otherwise estimated from category/brand positioning.";Havana Club 7 Años bottle pack product image
Havana Club Selección de Maestros;Rum;750ml;;;R343,00;TOPS;R350,00;R357,00;R343,00;R367,50;R346,50;https://www.google.com/search?tbm=isch&q=Havana+Club+Selecci%C3%B3n+de+Maestros+bottle+pack+product+image;https://www.google.com/search?q=Havana+Club+Selecci%C3%B3n+de+Maestros+South+Africa;"Representative SA market pricing; sampled March 2026 retailer pages used where available, otherwise estimated from category/brand positioning.";Havana Club Selección de Maestros bottle pack product image
El Dorado 12 Year Old;Rum;750ml;;;R607,60;TOPS;R620,00;R632,40;R607,60;R651,00;R613,80;https://www.google.com/search?tbm=isch&q=El+Dorado+12+Year+Old+bottle+pack+product+image;https://www.google.com/search?q=El+Dorado+12+Year+Old+South+Africa;"Representative SA market pricing; sampled March 2026 retailer pages used where available, otherwise estimated from category/brand positioning.";El Dorado 12 Year Old bottle pack product image
El Dorado 15 Year Old;Rum;750ml;;;R931,00;TOPS;R950,00;R969,00;R931,00;R997,50;R940,50;https://www.google.com/search?tbm=isch&q=El+Dorado+15+Year+Old+bottle+pack+product+image;https://www.google.com/search?q=El+Dorado+15+Year+Old+South+Africa;"Representative SA market pricing; sampled March 2026 retailer pages used where available, otherwise estimated from category/brand positioning.";El Dorado 15 Year Old bottle pack product image
Bacardi Reserva Ocho;Rum;750ml;;;R607,60;TOPS;R620,00;R632,40;R607,60;R651,00;R613,80;https://www.google.com/search?tbm=isch&q=Bacardi+Reserva+Ocho+bottle+pack+product+image;https://www.google.com/search?q=Bacardi+Reserva+Ocho+South+Africa;"Representative SA market pricing; sampled March 2026 retailer pages used where available, otherwise estimated from category/brand positioning.";Bacardi Reserva Ocho bottle pack product image
Bacardi Gran Reserva Diez;Rum;750ml;;;R343,00;TOPS;R350,00;R357,00;R343,00;R367,50;R346,50;https://www.google.com/search?tbm=isch&q=Bacardi+Gran+Reserva+Diez+bottle+pack+product+image;https://www.google.com/search?q=Bacardi+Gran+Reserva+Diez+South+Africa;"Representative SA market pricing; sampled March 2026 retailer pages used where available, otherwise estimated from category/brand positioning.";Bacardi Gran Reserva Diez bottle pack product image
The Kraken Black Spiced;Rum;750ml;;;R343,00;TOPS;R350,00;R357,00;R343,00;R367,50;R346,50;https://www.google.com/search?tbm=isch&q=The+Kraken+Black+Spiced+bottle+pack+product+image;https://www.google.com/search?q=The+Kraken+Black+Spiced+South+Africa;"Representative SA market pricing; sampled March 2026 retailer pages used where available, otherwise estimated from category/brand positioning.";The Kraken Black Spiced bottle pack product image
Captain Morgan Private Stock;Rum;750ml;;;R343,00;TOPS;R350,00;R357,00;R343,00;R367,50;R346,50;https://www.google.com/search?tbm=isch&q=Captain+Morgan+Private+Stock+bottle+pack+product+image;https://www.google.com/search?q=Captain+Morgan+Private+Stock+South+Africa;"Representative SA market pricing; sampled March 2026 retailer pages used where available, otherwise estimated from category/brand positioning.";Captain Morgan Private Stock bottle pack product image
Goslings Black Seal;Rum;750ml;;;R343,00;TOPS;R350,00;R357,00;R343,00;R367,50;R346,50;https://www.google.com/search?tbm=isch&q=Goslings+Black+Seal+bottle+pack+product+image;https://www.google.com/search?q=Goslings+Black+Seal+South+Africa;"Representative SA market pricing; sampled March 2026 retailer pages used where available, otherwise estimated from category/brand positioning.";Goslings Black Seal bottle pack product image
Flor de Caña 12 Year Old;Rum;750ml;;;R931,00;TOPS;R950,00;R969,00;R931,00;R997,50;R940,50;https://www.google.com/search?tbm=isch&q=Flor+de+Ca%C3%B1a+12+Year+Old+bottle+pack+product+image;https://www.google.com/search?q=Flor+de+Ca%C3%B1a+12+Year+Old+South+Africa;"Representative SA market pricing; sampled March 2026 retailer pages used where available, otherwise estimated from category/brand positioning.";Flor de Caña 12 Year Old bottle pack product image
Flor de Caña 18 Year Old;Rum;750ml;;;R1 261,00;TOPS;R1 326,00;R1 313,00;R1 261,00;R1 365,00;R1 300,00;https://www.google.com/search?tbm=isch&q=Flor+de+Ca%C3%B1a+18+Year+Old+bottle+pack+product+image;https://www.google.com/search?q=Flor+de+Ca%C3%B1a+18+Year+Old+South+Africa;"Representative SA market pricing; sampled March 2026 retailer pages used where available, otherwise estimated from category/brand positioning.";Flor de Caña 18 Year Old bottle pack product image
Santa Teresa 1796;Rum;750ml;;;R931,00;TOPS;R950,00;R969,00;R931,00;R997,50;R940,50;https://www.google.com/search?tbm=isch&q=Santa+Teresa+1796+bottle+pack+product+image;https://www.google.com/search?q=Santa+Teresa+1796+South+Africa;"Representative SA market pricing; sampled March 2026 retailer pages used where available, otherwise estimated from category/brand positioning.";Santa Teresa 1796 bottle pack product image
Chairman's Reserve;Rum;750ml;;;R343,00;TOPS;R350,00;R357,00;R343,00;R367,50;R346,50;https://www.google.com/search?tbm=isch&q=Chairman%27s+Reserve+bottle+pack+product+image;https://www.google.com/search?q=Chairman%27s+Reserve+South+Africa;"Representative SA market pricing; sampled March 2026 retailer pages used where available, otherwise estimated from category/brand positioning.";Chairman's Reserve bottle pack product image
Worthy Park Single Estate Reserve;Rum;750ml;;;R343,00;TOPS;R350,00;R357,00;R343,00;R367,50;R346,50;https://www.google.com/search?tbm=isch&q=Worthy+Park+Single+Estate+Reserve+bottle+pack+product+image;https://www.google.com/search?q=Worthy+Park+Single+Estate+Reserve+South+Africa;"Representative SA market pricing; sampled March 2026 retailer pages used where available, otherwise estimated from category/brand positioning.";Worthy Park Single Estate Reserve bottle pack product image
Dead Man's Fingers Spiced Rum;Rum;750ml;;;R343,00;TOPS;R350,00;R357,00;R343,00;R367,50;R346,50;https://www.google.com/search?tbm=isch&q=Dead+Man%27s+Fingers+Spiced+Rum+bottle+pack+product+image;https://www.google.com/search?q=Dead+Man%27s+Fingers+Spiced+Rum+South+Africa;"Representative SA market pricing; sampled March 2026 retailer pages used where available, otherwise estimated from category/brand positioning.";Dead Man's Fingers Spiced Rum bottle pack product image
Heineken Original;Beer - Premium;330ml / 340ml / 500ml;;;R34,30;TOPS;R35,00;R35,70;R34,30;R36,75;;https://www.google.com/search?tbm=isch&q=Heineken+Original+bottle+pack+product+image;https://www.google.com/search?q=Heineken+Original+South+Africa;"Representative SA market pricing; sampled March 2026 retailer pages used where available, otherwise estimated from category/brand positioning.";Heineken Original bottle pack product image
Heineken Silver;Beer - Premium;330ml / 340ml / 500ml;;;R34,30;TOPS;R35,00;R35,70;R34,30;R36,75;;https://www.google.com/search?tbm=isch&q=Heineken+Silver+bottle+pack+product+image;https://www.google.com/search?q=Heineken+Silver+South+Africa;"Representative SA market pricing; sampled March 2026 retailer pages used where available, otherwise estimated from category/brand positioning.";Heineken Silver bottle pack product image
Heineken 0.0;Beer - Premium;330ml / 340ml / 500ml;;;R34,30;TOPS;R35,00;R35,70;R34,30;R36,75;;https://www.google.com/search?tbm=isch&q=Heineken+0.0+bottle+pack+product+image;https://www.google.com/search?q=Heineken+0.0+South+Africa;"Representative SA market pricing; sampled March 2026 retailer pages used where available, otherwise estimated from category/brand positioning.";Heineken 0.0 bottle pack product image
Corona Extra;Beer - Premium;330ml / 340ml / 500ml;;;R34,30;TOPS;R35,00;R35,70;R34,30;R36,75;;https://www.google.com/search?tbm=isch&q=Corona+Extra+bottle+pack+product+image;https://www.google.com/search?q=Corona+Extra+South+Africa;"Representative SA market pricing; sampled March 2026 retailer pages used where available, otherwise estimated from category/brand positioning.";Corona Extra bottle pack product image
Corona Cero;Beer - Premium;330ml / 340ml / 500ml;;;R34,30;TOPS;R35,00;R35,70;R34,30;R36,75;;https://www.google.com/search?tbm=isch&q=Corona+Cero+bottle+pack+product+image;https://www.google.com/search?q=Corona+Cero+South+Africa;"Representative SA market pricing; sampled March 2026 retailer pages used where available, otherwise estimated from category/brand positioning.";Corona Cero bottle pack product image
Stella Artois;Beer - Premium;330ml / 340ml / 500ml;;;R34,30;TOPS;R35,00;R35,70;R34,30;R36,75;;https://www.google.com/search?tbm=isch&q=Stella+Artois+bottle+pack+product+image;https://www.google.com/search?q=Stella+Artois+South+Africa;"Representative SA market pricing; sampled March 2026 retailer pages used where available, otherwise estimated from category/brand positioning.";Stella Artois bottle pack product image
Peroni Nastro Azzurro;Beer - Premium;330ml / 340ml / 500ml;;;R34,30;TOPS;R35,00;R35,70;R34,30;R36,75;;https://www.google.com/search?tbm=isch&q=Peroni+Nastro+Azzurro+bottle+pack+product+image;https://www.google.com/search?q=Peroni+Nastro+Azzurro+South+Africa;"Representative SA market pricing; sampled March 2026 retailer pages used where available, otherwise estimated from category/brand positioning.";Peroni Nastro Azzurro bottle pack product image
Peroni Gluten Free;Beer - Premium;330ml / 340ml / 500ml;;;R34,30;TOPS;R35,00;R35,70;R34,30;R36,75;;https://www.google.com/search?tbm=isch&q=Peroni+Gluten+Free+bottle+pack+product+image;https://www.google.com/search?q=Peroni+Gluten+Free+South+Africa;"Representative SA market pricing; sampled March 2026 retailer pages used where available, otherwise estimated from category/brand positioning.";Peroni Gluten Free bottle pack product image
Guinness Draught;Beer - Premium;330ml / 340ml / 500ml;;;R34,30;TOPS;R35,00;R35,70;R34,30;R36,75;;https://www.google.com/search?tbm=isch&q=Guinness+Draught+bottle+pack+product+image;https://www.google.com/search?q=Guinness+Draught+South+Africa;"Representative SA market pricing; sampled March 2026 retailer pages used where available, otherwise estimated from category/brand positioning.";Guinness Draught bottle pack product image
Guinness Foreign Extra Stout;Beer - Premium;330ml / 340ml / 500ml;;;R34,30;TOPS;R35,00;R35,70;R34,30;R36,75;;https://www.google.com/search?tbm=isch&q=Guinness+Foreign+Extra+Stout+bottle+pack+product+image;https://www.google.com/search?q=Guinness+Foreign+Extra+Stout+South+Africa;"Representative SA market pricing; sampled March 2026 retailer pages used where available, otherwise estimated from category/brand positioning.";Guinness Foreign Extra Stout bottle pack product image
Hoegaarden Wit;Beer - Premium;330ml / 340ml / 500ml;;;R44,10;TOPS;R45,00;R45,90;R44,10;R47,25;;https://www.google.com/search?tbm=isch&q=Hoegaarden+Wit+bottle+pack+product+image;https://www.google.com/search?q=Hoegaarden+Wit+South+Africa;"Representative SA market pricing; sampled March 2026 retailer pages used where available, otherwise estimated from category/brand positioning.";Hoegaarden Wit bottle pack product image
Leffe Blonde;Beer - Premium;330ml / 340ml / 500ml;;;R44,10;TOPS;R45,00;R45,90;R44,10;R47,25;;https://www.google.com/search?tbm=isch&q=Leffe+Blonde+bottle+pack+product+image;https://www.google.com/search?q=Leffe+Blonde+South+Africa;"Representative SA market pricing; sampled March 2026 retailer pages used where available, otherwise estimated from category/brand positioning.";Leffe Blonde bottle pack product image
Leffe Brune;Beer - Premium;330ml / 340ml / 500ml;;;R44,10;TOPS;R45,00;R45,90;R44,10;R47,25;;https://www.google.com/search?tbm=isch&q=Leffe+Brune+bottle+pack+product+image;https://www.google.com/search?q=Leffe+Brune+South+Africa;"Representative SA market pricing; sampled March 2026 retailer pages used where available, otherwise estimated from category/brand positioning.";Leffe Brune bottle pack product image
Duvel;Beer - Premium;330ml / 340ml / 500ml;;;R44,10;TOPS;R45,00;R45,90;R44,10;R47,25;;https://www.google.com/search?tbm=isch&q=Duvel+bottle+pack+product+image;https://www.google.com/search?q=Duvel+South+Africa;"Representative SA market pricing; sampled March 2026 retailer pages used where available, otherwise estimated from category/brand positioning.";Duvel bottle pack product image
Chimay Blue;Beer - Premium;330ml / 340ml / 500ml;;;R44,10;TOPS;R45,00;R45,90;R44,10;R47,25;;https://www.google.com/search?tbm=isch&q=Chimay+Blue+bottle+pack+product+image;https://www.google.com/search?q=Chimay+Blue+South+Africa;"Representative SA market pricing; sampled March 2026 retailer pages used where available, otherwise estimated from category/brand positioning.";Chimay Blue bottle pack product image
Chimay Red;Beer - Premium;330ml / 340ml / 500ml;;;R44,10;TOPS;R45,00;R45,90;R44,10;R47,25;;https://www.google.com/search?tbm=isch&q=Chimay+Red+bottle+pack+product+image;https://www.google.com/search?q=Chimay+Red+South+Africa;"Representative SA market pricing; sampled March 2026 retailer pages used where available, otherwise estimated from category/brand positioning.";Chimay Red bottle pack product image
Paulaner Hefe-Weißbier;Beer - Premium;330ml / 340ml / 500ml;;;R44,10;TOPS;R45,00;R45,90;R44,10;R47,25;;https://www.google.com/search?tbm=isch&q=Paulaner+Hefe-Wei%C3%9Fbier+bottle+pack+product+image;https://www.google.com/search?q=Paulaner+Hefe-Wei%C3%9Fbier+South+Africa;"Representative SA market pricing; sampled March 2026 retailer pages used where available, otherwise estimated from category/brand positioning.";Paulaner Hefe-Weißbier bottle pack product image
Erdinger Weissbier;Beer - Premium;330ml / 340ml / 500ml;;;R44,10;TOPS;R45,00;R45,90;R44,10;R47,25;;https://www.google.com/search?tbm=isch&q=Erdinger+Weissbier+bottle+pack+product+image;https://www.google.com/search?q=Erdinger+Weissbier+South+Africa;"Representative SA market pricing; sampled March 2026 retailer pages used where available, otherwise estimated from category/brand positioning.";Erdinger Weissbier bottle pack product image
Budweiser;Beer - Premium;330ml / 340ml / 500ml;;;R34,30;TOPS;R35,00;R35,70;R34,30;R36,75;;https://www.google.com/search?tbm=isch&q=Budweiser+bottle+pack+product+image;https://www.google.com/search?q=Budweiser+South+Africa;"Representative SA market pricing; sampled March 2026 retailer pages used where available, otherwise estimated from category/brand positioning.";Budweiser bottle pack product image
Asahi Super Dry;Beer - Premium;330ml / 340ml / 500ml;;;R44,10;TOPS;R45,00;R45,90;R44,10;R47,25;;https://www.google.com/search?tbm=isch&q=Asahi+Super+Dry+bottle+pack+product+image;https://www.google.com/search?q=Asahi+Super+Dry+South+Africa;"Representative SA market pricing; sampled March 2026 retailer pages used where available, otherwise estimated from category/brand positioning.";Asahi Super Dry bottle pack product image
Sapporo Premium Beer;Beer - Premium;330ml / 340ml / 500ml;;;R44,10;TOPS;R45,00;R45,90;R44,10;R47,25;;https://www.google.com/search?tbm=isch&q=Sapporo+Premium+Beer+bottle+pack+product+image;https://www.google.com/search?q=Sapporo+Premium+Beer+South+Africa;"Representative SA market pricing; sampled March 2026 retailer pages used where available, otherwise estimated from category/brand positioning.";Sapporo Premium Beer bottle pack product image
Kronenbourg 1664 Blanc;Beer - Premium;330ml / 340ml / 500ml;;;R44,10;TOPS;R45,00;R45,90;R44,10;R47,25;;https://www.google.com/search?tbm=isch&q=Kronenbourg+1664+Blanc+bottle+pack+product+image;https://www.google.com/search?q=Kronenbourg+1664+Blanc+South+Africa;"Representative SA market pricing; sampled March 2026 retailer pages used where available, otherwise estimated from category/brand positioning.";Kronenbourg 1664 Blanc bottle pack product image
Castle Lite;Beer - Premium;330ml / 340ml / 500ml;;;R34,30;TOPS;R35,00;R35,70;R34,30;R36,75;;https://www.google.com/search?tbm=isch&q=Castle+Lite+bottle+pack+product+image;https://www.google.com/search?q=Castle+Lite+South+Africa;"Representative SA market pricing; sampled March 2026 retailer pages used where available, otherwise estimated from category/brand positioning.";Castle Lite bottle pack product image
Windhoek Lager;Beer - Premium;330ml / 340ml / 500ml;;;R34,30;TOPS;R35,00;R35,70;R34,30;R36,75;;https://www.google.com/search?tbm=isch&q=Windhoek+Lager+bottle+pack+product+image;https://www.google.com/search?q=Windhoek+Lager+South+Africa;"Representative SA market pricing; sampled March 2026 retailer pages used where available, otherwise estimated from category/brand positioning.";Windhoek Lager bottle pack product image
Amstel Lager;Beer - Premium;330ml / 340ml / 500ml;;;R34,30;TOPS;R35,00;R35,70;R34,30;R36,75;;https://www.google.com/search?tbm=isch&q=Amstel+Lager+bottle+pack+product+image;https://www.google.com/search?q=Amstel+Lager+South+Africa;"Representative SA market pricing; sampled March 2026 retailer pages used where available, otherwise estimated from category/brand positioning.";Amstel Lager bottle pack product image
Newcastle Brown Ale;Beer - Premium;330ml / 340ml / 500ml;;;R34,30;TOPS;R35,00;R35,70;R34,30;R36,75;;https://www.google.com/search?tbm=isch&q=Newcastle+Brown+Ale+bottle+pack+product+image;https://www.google.com/search?q=Newcastle+Brown+Ale+South+Africa;"Representative SA market pricing; sampled March 2026 retailer pages used where available, otherwise estimated from category/brand positioning.";Newcastle Brown Ale bottle pack product image
BrewDog Punk IPA;Beer - Premium;330ml / 340ml / 500ml;;;R44,10;TOPS;R45,00;R45,90;R44,10;R47,25;;https://www.google.com/search?tbm=isch&q=BrewDog+Punk+IPA+bottle+pack+product+image;https://www.google.com/search?q=BrewDog+Punk+IPA+South+Africa;"Representative SA market pricing; sampled March 2026 retailer pages used where available, otherwise estimated from category/brand positioning.";BrewDog Punk IPA bottle pack product image
BrewDog Elvis Juice;Beer - Premium;330ml / 340ml / 500ml;;;R44,10;TOPS;R45,00;R45,90;R44,10;R47,25;;https://www.google.com/search?tbm=isch&q=BrewDog+Elvis+Juice+bottle+pack+product+image;https://www.google.com/search?q=BrewDog+Elvis+Juice+South+Africa;"Representative SA market pricing; sampled March 2026 retailer pages used where available, otherwise estimated from category/brand positioning.";BrewDog Elvis Juice bottle pack product image
Samuel Adams Boston Lager;Beer - Premium;330ml / 340ml / 500ml;;;R44,10;TOPS;R45,00;R45,90;R44,10;R47,25;;https://www.google.com/search?tbm=isch&q=Samuel+Adams+Boston+Lager+bottle+pack+product+image;https://www.google.com/search?q=Samuel+Adams+Boston+Lager+South+Africa;"Representative SA market pricing; sampled March 2026 retailer pages used where available, otherwise estimated from category/brand positioning.";Samuel Adams Boston Lager bottle pack product image
Bavaria Premium;Beer - Premium;330ml / 340ml / 500ml;;;R34,30;TOPS;R35,00;R35,70;R34,30;R36,75;;https://www.google.com/search?tbm=isch&q=Bavaria+Premium+bottle+pack+product+image;https://www.google.com/search?q=Bavaria+Premium+South+Africa;"Representative SA market pricing; sampled March 2026 retailer pages used where available, otherwise estimated from category/brand positioning.";Bavaria Premium bottle pack product image
Devil's Peak King's Blockhouse IPA;Beer - Premium;330ml / 340ml / 500ml;;;R34,30;TOPS;R35,00;R35,70;R34,30;R36,75;;https://www.google.com/search?tbm=isch&q=Devil%27s+Peak+King%27s+Blockhouse+IPA+bottle+pack+product+image;https://www.google.com/search?q=Devil%27s+Peak+King%27s+Blockhouse+IPA+South+Africa;"Representative SA market pricing; sampled March 2026 retailer pages used where available, otherwise estimated from category/brand positioning.";Devil's Peak King's Blockhouse IPA bottle pack product image
CBC Amber Weiss;Beer - Premium;330ml / 340ml / 500ml;;;R34,30;TOPS;R35,00;R35,70;R34,30;R36,75;;https://www.google.com/search?tbm=isch&q=CBC+Amber+Weiss+bottle+pack+product+image;https://www.google.com/search?q=CBC+Amber+Weiss+South+Africa;"Representative SA market pricing; sampled March 2026 retailer pages used where available, otherwise estimated from category/brand positioning.";CBC Amber Weiss bottle pack product image
Jack Black Lager;Beer - Premium;330ml / 340ml / 500ml;;;R34,30;TOPS;R35,00;R35,70;R34,30;R36,75;;https://www.google.com/search?tbm=isch&q=Jack+Black+Lager+bottle+pack+product+image;https://www.google.com/search?q=Jack+Black+Lager+South+Africa;"Representative SA market pricing; sampled March 2026 retailer pages used where available, otherwise estimated from category/brand positioning.";Jack Black Lager bottle pack product image
Darling Bone Crusher;Beer - Premium;330ml / 340ml / 500ml;;;R34,30;TOPS;R35,00;R35,70;R34,30;R36,75;;https://www.google.com/search?tbm=isch&q=Darling+Bone+Crusher+bottle+pack+product+image;https://www.google.com/search?q=Darling+Bone+Crusher+South+Africa;"Representative SA market pricing; sampled March 2026 retailer pages used where available, otherwise estimated from category/brand positioning.";Darling Bone Crusher bottle pack product image
Mitchell's Bosun's Bitter;Beer - Premium;330ml / 340ml / 500ml;;;R34,30;TOPS;R35,00;R35,70;R34,30;R36,75;;https://www.google.com/search?tbm=isch&q=Mitchell%27s+Bosun%27s+Bitter+bottle+pack+product+image;https://www.google.com/search?q=Mitchell%27s+Bosun%27s+Bitter+South+Africa;"Representative SA market pricing; sampled March 2026 retailer pages used where available, otherwise estimated from category/brand positioning.";Mitchell's Bosun's Bitter bottle pack product image
Meerlust Rubicon;Wine - Premium;750ml;;;R637,00;TOPS;R650,00;R663,00;R637,00;R682,50;R643,50;https://www.google.com/search?tbm=isch&q=Meerlust+Rubicon+bottle+pack+product+image;https://www.google.com/search?q=Meerlust+Rubicon+South+Africa;"Representative SA market pricing; sampled March 2026 retailer pages used where available, otherwise estimated from category/brand positioning.";Meerlust Rubicon bottle pack product image
Kanonkop Paul Sauer;Wine - Premium;750ml;;;R637,00;TOPS;R650,00;R663,00;R637,00;R682,50;R643,50;https://www.google.com/search?tbm=isch&q=Kanonkop+Paul+Sauer+bottle+pack+product+image;https://www.google.com/search?q=Kanonkop+Paul+Sauer+South+Africa;"Representative SA market pricing; sampled March 2026 retailer pages used where available, otherwise estimated from category/brand positioning.";Kanonkop Paul Sauer bottle pack product image
Kanonkop Black Label Pinotage;Wine - Premium;750ml;;;R1 164,00;TOPS;R1 224,00;R1 212,00;R1 164,00;R1 260,00;R1 200,00;https://www.google.com/search?tbm=isch&q=Kanonkop+Black+Label+Pinotage+bottle+pack+product+image;https://www.google.com/search?q=Kanonkop+Black+Label+Pinotage+South+Africa;"Representative SA market pricing; sampled March 2026 retailer pages used where available, otherwise estimated from category/brand positioning.";Kanonkop Black Label Pinotage bottle pack product image
Rust en Vrede Estate;Wine - Premium;750ml;;;R637,00;TOPS;R650,00;R663,00;R637,00;R682,50;R643,50;https://www.google.com/search?tbm=isch&q=Rust+en+Vrede+Estate+bottle+pack+product+image;https://www.google.com/search?q=Rust+en+Vrede+Estate+South+Africa;"Representative SA market pricing; sampled March 2026 retailer pages used where available, otherwise estimated from category/brand positioning.";Rust en Vrede Estate bottle pack product image
Vilafonté Series C;Wine - Premium;750ml;;;R1 164,00;TOPS;R1 224,00;R1 212,00;R1 164,00;R1 260,00;R1 200,00;https://www.google.com/search?tbm=isch&q=Vilafont%C3%A9+Series+C+bottle+pack+product+image;https://www.google.com/search?q=Vilafont%C3%A9+Series+C+South+Africa;"Representative SA market pricing; sampled March 2026 retailer pages used where available, otherwise estimated from category/brand positioning.";Vilafonté Series C bottle pack product image
Vilafonté Series M;Wine - Premium;750ml;;;R1 164,00;TOPS;R1 224,00;R1 212,00;R1 164,00;R1 260,00;R1 200,00;https://www.google.com/search?tbm=isch&q=Vilafont%C3%A9+Series+M+bottle+pack+product+image;https://www.google.com/search?q=Vilafont%C3%A9+Series+M+South+Africa;"Representative SA market pricing; sampled March 2026 retailer pages used where available, otherwise estimated from category/brand positioning.";Vilafonté Series M bottle pack product image
Hamilton Russell Vineyards Pinot Noir;Wine - Premium;750ml;;;R637,00;TOPS;R650,00;R663,00;R637,00;R682,50;R643,50;https://www.google.com/search?tbm=isch&q=Hamilton+Russell+Vineyards+Pinot+Noir+bottle+pack+product+image;https://www.google.com/search?q=Hamilton+Russell+Vineyards+Pinot+Noir+South+Africa;"Representative SA market pricing; sampled March 2026 retailer pages used where available, otherwise estimated from category/brand positioning.";Hamilton Russell Vineyards Pinot Noir bottle pack product image
Hamilton Russell Vineyards Chardonnay;Wine - Premium;750ml;;;R637,00;TOPS;R650,00;R663,00;R637,00;R682,50;R643,50;https://www.google.com/search?tbm=isch&q=Hamilton+Russell+Vineyards+Chardonnay+bottle+pack+product+image;https://www.google.com/search?q=Hamilton+Russell+Vineyards+Chardonnay+South+Africa;"Representative SA market pricing; sampled March 2026 retailer pages used where available, otherwise estimated from category/brand positioning.";Hamilton Russell Vineyards Chardonnay bottle pack product image
Mullineux Syrah;Wine - Premium;750ml;;;R637,00;TOPS;R650,00;R663,00;R637,00;R682,50;R643,50;https://www.google.com/search?tbm=isch&q=Mullineux+Syrah+bottle+pack+product+image;https://www.google.com/search?q=Mullineux+Syrah+South+Africa;"Representative SA market pricing; sampled March 2026 retailer pages used where available, otherwise estimated from category/brand positioning.";Mullineux Syrah bottle pack product image
Mullineux Granite Chenin Blanc;Wine - Premium;750ml;;;R637,00;TOPS;R650,00;R663,00;R637,00;R682,50;R643,50;https://www.google.com/search?tbm=isch&q=Mullineux+Granite+Chenin+Blanc+bottle+pack+product+image;https://www.google.com/search?q=Mullineux+Granite+Chenin+Blanc+South+Africa;"Representative SA market pricing; sampled March 2026 retailer pages used where available, otherwise estimated from category/brand positioning.";Mullineux Granite Chenin Blanc bottle pack product image
Thelema Cabernet Sauvignon;Wine - Premium;750ml;;;R637,00;TOPS;R650,00;R663,00;R637,00;R682,50;R643,50;https://www.google.com/search?tbm=isch&q=Thelema+Cabernet+Sauvignon+bottle+pack+product+image;https://www.google.com/search?q=Thelema+Cabernet+Sauvignon+South+Africa;"Representative SA market pricing; sampled March 2026 retailer pages used where available, otherwise estimated from category/brand positioning.";Thelema Cabernet Sauvignon bottle pack product image
Warwick Trilogy;Wine - Premium;750ml;;;R637,00;TOPS;R650,00;R663,00;R637,00;R682,50;R643,50;https://www.google.com/search?tbm=isch&q=Warwick+Trilogy+bottle+pack+product+image;https://www.google.com/search?q=Warwick+Trilogy+South+Africa;"Representative SA market pricing; sampled March 2026 retailer pages used where available, otherwise estimated from category/brand positioning.";Warwick Trilogy bottle pack product image
De Toren Fusion V;Wine - Premium;750ml;;;R1 164,00;TOPS;R1 224,00;R1 212,00;R1 164,00;R1 260,00;R1 200,00;https://www.google.com/search?tbm=isch&q=De+Toren+Fusion+V+bottle+pack+product+image;https://www.google.com/search?q=De+Toren+Fusion+V+South+Africa;"Representative SA market pricing; sampled March 2026 retailer pages used where available, otherwise estimated from category/brand positioning.";De Toren Fusion V bottle pack product image
Boekenhoutskloof Syrah;Wine - Premium;750ml;;;R441,00;TOPS;R450,00;R459,00;R441,00;R472,50;R445,50;https://www.google.com/search?tbm=isch&q=Boekenhoutskloof+Syrah+bottle+pack+product+image;https://www.google.com/search?q=Boekenhoutskloof+Syrah+South+Africa;"Representative SA market pricing; sampled March 2026 retailer pages used where available, otherwise estimated from category/brand positioning.";Boekenhoutskloof Syrah bottle pack product image
Porseleinberg Syrah;Wine - Premium;750ml;;;R441,00;TOPS;R450,00;R459,00;R441,00;R472,50;R445,50;https://www.google.com/search?tbm=isch&q=Porseleinberg+Syrah+bottle+pack+product+image;https://www.google.com/search?q=Porseleinberg+Syrah+South+Africa;"Representative SA market pricing; sampled March 2026 retailer pages used where available, otherwise estimated from category/brand positioning.";Porseleinberg Syrah bottle pack product image
Sadie Family Columella;Wine - Premium;750ml;;;R3 395,00;TOPS;R3 570,00;R3 535,00;R3 395,00;R3 605,00;R3 500,00;https://www.google.com/search?tbm=isch&q=Sadie+Family+Columella+bottle+pack+product+image;https://www.google.com/search?q=Sadie+Family+Columella+South+Africa;"Representative SA market pricing; sampled March 2026 retailer pages used where available, otherwise estimated from category/brand positioning.";Sadie Family Columella bottle pack product image
Sadie Family Palladius;Wine - Premium;750ml;;;R3 395,00;TOPS;R3 570,00;R3 535,00;R3 395,00;R3 605,00;R3 500,00;https://www.google.com/search?tbm=isch&q=Sadie+Family+Palladius+bottle+pack+product+image;https://www.google.com/search?q=Sadie+Family+Palladius+South+Africa;"Representative SA market pricing; sampled March 2026 retailer pages used where available, otherwise estimated from category/brand positioning.";Sadie Family Palladius bottle pack product image
Klein Constantia Vin de Constance;Wine - Premium;750ml;;;R3 395,00;TOPS;R3 570,00;R3 535,00;R3 395,00;R3 605,00;R3 500,00;https://www.google.com/search?tbm=isch&q=Klein+Constantia+Vin+de+Constance+bottle+pack+product+image;https://www.google.com/search?q=Klein+Constantia+Vin+de+Constance+South+Africa;"Representative SA market pricing; sampled March 2026 retailer pages used where available, otherwise estimated from category/brand positioning.";Klein Constantia Vin de Constance bottle pack product image
Rupert & Rothschild Baron Edmond;Wine - Premium;750ml;;;R1 164,00;TOPS;R1 224,00;R1 212,00;R1 164,00;R1 260,00;R1 200,00;https://www.google.com/search?tbm=isch&q=Rupert+%26+Rothschild+Baron+Edmond+bottle+pack+product+image;https://www.google.com/search?q=Rupert+%26+Rothschild+Baron+Edmond+South+Africa;"Representative SA market pricing; sampled March 2026 retailer pages used where available, otherwise estimated from category/brand positioning.";Rupert & Rothschild Baron Edmond bottle pack product image
Leeu Passant Dry Red;Wine - Premium;750ml;;;R441,00;TOPS;R450,00;R459,00;R441,00;R472,50;R445,50;https://www.google.com/search?tbm=isch&q=Leeu+Passant+Dry+Red+bottle+pack+product+image;https://www.google.com/search?q=Leeu+Passant+Dry+Red+South+Africa;"Representative SA market pricing; sampled March 2026 retailer pages used where available, otherwise estimated from category/brand positioning.";Leeu Passant Dry Red bottle pack product image
Tokara Director's Reserve Red;Wine - Premium;750ml;;;R637,00;TOPS;R650,00;R663,00;R637,00;R682,50;R643,50;https://www.google.com/search?tbm=isch&q=Tokara+Director%27s+Reserve+Red+bottle+pack+product+image;https://www.google.com/search?q=Tokara+Director%27s+Reserve+Red+South+Africa;"Representative SA market pricing; sampled March 2026 retailer pages used where available, otherwise estimated from category/brand positioning.";Tokara Director's Reserve Red bottle pack product image
Delaire Graff Botmaskop;Wine - Premium;750ml;;;R637,00;TOPS;R650,00;R663,00;R637,00;R682,50;R643,50;https://www.google.com/search?tbm=isch&q=Delaire+Graff+Botmaskop+bottle+pack+product+image;https://www.google.com/search?q=Delaire+Graff+Botmaskop+South+Africa;"Representative SA market pricing; sampled March 2026 retailer pages used where available, otherwise estimated from category/brand positioning.";Delaire Graff Botmaskop bottle pack product image
MR de Compostella;Wine - Premium;750ml;;;R1 164,00;TOPS;R1 224,00;R1 212,00;R1 164,00;R1 260,00;R1 200,00;https://www.google.com/search?tbm=isch&q=MR+de+Compostella+bottle+pack+product+image;https://www.google.com/search?q=MR+de+Compostella+South+Africa;"Representative SA market pricing; sampled March 2026 retailer pages used where available, otherwise estimated from category/brand positioning.";MR de Compostella bottle pack product image
Meerlust Chardonnay;Wine - Premium;750ml;;;R441,00;TOPS;R450,00;R459,00;R441,00;R472,50;R445,50;https://www.google.com/search?tbm=isch&q=Meerlust+Chardonnay+bottle+pack+product+image;https://www.google.com/search?q=Meerlust+Chardonnay+South+Africa;"Representative SA market pricing; sampled March 2026 retailer pages used where available, otherwise estimated from category/brand positioning.";Meerlust Chardonnay bottle pack product image
Cloudy Bay Sauvignon Blanc;Wine - Premium;750ml;;;R441,00;TOPS;R450,00;R459,00;R441,00;R472,50;R445,50;https://www.google.com/search?tbm=isch&q=Cloudy+Bay+Sauvignon+Blanc+bottle+pack+product+image;https://www.google.com/search?q=Cloudy+Bay+Sauvignon+Blanc+South+Africa;"Representative SA market pricing; sampled March 2026 retailer pages used where available, otherwise estimated from category/brand positioning.";Cloudy Bay Sauvignon Blanc bottle pack product image
Penfolds Bin 389;Wine - Premium;750ml;;;R441,00;TOPS;R450,00;R459,00;R441,00;R472,50;R445,50;https://www.google.com/search?tbm=isch&q=Penfolds+Bin+389+bottle+pack+product+image;https://www.google.com/search?q=Penfolds+Bin+389+South+Africa;"Representative SA market pricing; sampled March 2026 retailer pages used where available, otherwise estimated from category/brand positioning.";Penfolds Bin 389 bottle pack product image
Opus One;Wine - Premium;750ml;;;R3 395,00;TOPS;R3 570,00;;R3 395,00;R3 605,00;R3 500,00;https://www.google.com/search?tbm=isch&q=Opus+One+bottle+pack+product+image;https://www.google.com/search?q=Opus+One+South+Africa;"Representative SA market pricing; sampled March 2026 retailer pages used where available, otherwise estimated from category/brand positioning.";Opus One bottle pack product image
Caymus Cabernet Sauvignon;Wine - Premium;750ml;;;R441,00;TOPS;R450,00;R459,00;R441,00;R472,50;R445,50;https://www.google.com/search?tbm=isch&q=Caymus+Cabernet+Sauvignon+bottle+pack+product+image;https://www.google.com/search?q=Caymus+Cabernet+Sauvignon+South+Africa;"Representative SA market pricing; sampled March 2026 retailer pages used where available, otherwise estimated from category/brand positioning.";Caymus Cabernet Sauvignon bottle pack product image
Château Margaux;Wine - Premium;750ml;;;R3 395,00;TOPS;R3 570,00;;R3 395,00;R3 605,00;R3 500,00;https://www.google.com/search?tbm=isch&q=Ch%C3%A2teau+Margaux+bottle+pack+product+image;https://www.google.com/search?q=Ch%C3%A2teau+Margaux+South+Africa;"Representative SA market pricing; sampled March 2026 retailer pages used where available, otherwise estimated from category/brand positioning.";Château Margaux bottle pack product image
Château Lafite Rothschild;Wine - Premium;750ml;;;R3 395,00;TOPS;R3 570,00;;R3 395,00;R3 605,00;R3 500,00;https://www.google.com/search?tbm=isch&q=Ch%C3%A2teau+Lafite+Rothschild+bottle+pack+product+image;https://www.google.com/search?q=Ch%C3%A2teau+Lafite+Rothschild+South+Africa;"Representative SA market pricing; sampled March 2026 retailer pages used where available, otherwise estimated from category/brand positioning.";Château Lafite Rothschild bottle pack product image
Château Latour;Wine - Premium;750ml;;;R3 395,00;TOPS;R3 570,00;;R3 395,00;R3 605,00;R3 500,00;https://www.google.com/search?tbm=isch&q=Ch%C3%A2teau+Latour+bottle+pack+product+image;https://www.google.com/search?q=Ch%C3%A2teau+Latour+South+Africa;"Representative SA market pricing; sampled March 2026 retailer pages used where available, otherwise estimated from category/brand positioning.";Château Latour bottle pack product image
Château Mouton Rothschild;Wine - Premium;750ml;;;R3 395,00;TOPS;R3 570,00;;R3 395,00;R3 605,00;R3 500,00;https://www.google.com/search?tbm=isch&q=Ch%C3%A2teau+Mouton+Rothschild+bottle+pack+product+image;https://www.google.com/search?q=Ch%C3%A2teau+Mouton+Rothschild+South+Africa;"Representative SA market pricing; sampled March 2026 retailer pages used where available, otherwise estimated from category/brand positioning.";Château Mouton Rothschild bottle pack product image
Ornellaia;Wine - Premium;750ml;;;R3 395,00;TOPS;R3 570,00;;R3 395,00;R3 605,00;R3 500,00;https://www.google.com/search?tbm=isch&q=Ornellaia+bottle+pack+product+image;https://www.google.com/search?q=Ornellaia+South+Africa;"Representative SA market pricing; sampled March 2026 retailer pages used where available, otherwise estimated from category/brand positioning.";Ornellaia bottle pack product image
Sassicaia;Wine - Premium;750ml;;;R3 395,00;TOPS;R3 570,00;;R3 395,00;R3 605,00;R3 500,00;https://www.google.com/search?tbm=isch&q=Sassicaia+bottle+pack+product+image;https://www.google.com/search?q=Sassicaia+South+Africa;"Representative SA market pricing; sampled March 2026 retailer pages used where available, otherwise estimated from category/brand positioning.";Sassicaia bottle pack product image
Tignanello;Wine - Premium;750ml;;;R441,00;TOPS;R450,00;R459,00;R441,00;R472,50;R445,50;https://www.google.com/search?tbm=isch&q=Tignanello+bottle+pack+product+image;https://www.google.com/search?q=Tignanello+South+Africa;"Representative SA market pricing; sampled March 2026 retailer pages used where available, otherwise estimated from category/brand positioning.";Tignanello bottle pack product image